0 verbose cli C:\Program Files\nodejs\node.exe C:\Program Files\nodejs\node_modules\npm\bin\npm-cli.js
1 info using npm@11.9.0
2 info using node@v24.14.0
3 silly config load:file:C:\Program Files\nodejs\node_modules\npm\npmrc
4 silly config load:file:D:\eco source\qiancheng0605\qiancheng0605v1\.npmrc
5 silly config load:file:C:\Users\qianc\.npmrc
6 warn Unknown user config "\Program Files\nodejs\node_cache" (cacheD:\Program Files\nodejs\node_cache). This will stop working in the next major version of npm.
7 silly config load:file:D:\Program Files\nodejs\node_global\etc\npmrc
8 verbose title npm install
9 verbose argv "install"
10 verbose logfile logs-max:10 dir:D:\eco source\qiancheng0605\qiancheng0605v1\.npm-cache\_logs\2026-06-07T06_55_40_504Z-
11 verbose logfile D:\eco source\qiancheng0605\qiancheng0605v1\.npm-cache\_logs\2026-06-07T06_55_40_504Z-debug-0.log
12 silly logfile done cleaning log files
13 silly packumentCache heap:4496293888 maxSize:1124073472 maxEntrySize:562036736
14 silly idealTree buildDeps
15 silly reify moves {}
16 http fetch GET 200 https://registry.npmmirror.com/npm 1185ms
17 silly audit bulk request {
17 silly audit   '@alloc/quick-lru': [ '5.2.0' ],
17 silly audit   '@babel/code-frame': [ '7.29.7' ],
17 silly audit   '@babel/compat-data': [ '7.29.7' ],
17 silly audit   '@babel/core': [ '7.29.7' ],
17 silly audit   '@babel/generator': [ '7.29.7' ],
17 silly audit   '@babel/helper-compilation-targets': [ '7.29.7' ],
17 silly audit   '@babel/helper-globals': [ '7.29.7' ],
17 silly audit   '@babel/helper-module-imports': [ '7.29.7' ],
17 silly audit   '@babel/helper-module-transforms': [ '7.29.7' ],
17 silly audit   '@babel/helper-string-parser': [ '7.29.7' ],
17 silly audit   '@babel/helper-validator-identifier': [ '7.29.7' ],
17 silly audit   '@babel/helper-validator-option': [ '7.29.7' ],
17 silly audit   '@babel/helpers': [ '7.29.7' ],
17 silly audit   '@babel/parser': [ '7.29.7' ],
17 silly audit   '@babel/template': [ '7.29.7' ],
17 silly audit   '@babel/traverse': [ '7.29.7' ],
17 silly audit   '@babel/types': [ '7.29.7' ],
17 silly audit   '@drizzle-team/brocli': [ '0.10.2' ],
17 silly audit   '@emnapi/core': [ '1.10.0' ],
17 silly audit   '@emnapi/runtime': [ '1.10.0' ],
17 silly audit   '@emnapi/wasi-threads': [ '1.2.1' ],
17 silly audit   '@esbuild-kit/core-utils': [ '3.3.2' ],
17 silly audit   '@esbuild/android-arm': [ '0.18.20', '0.25.12', '0.28.0' ],
17 silly audit   '@esbuild/android-arm64': [ '0.18.20', '0.25.12', '0.28.0' ],
17 silly audit   '@esbuild/android-x64': [ '0.18.20', '0.25.12', '0.28.0' ],
17 silly audit   '@esbuild/darwin-arm64': [ '0.18.20', '0.25.12', '0.28.0' ],
17 silly audit   '@esbuild/darwin-x64': [ '0.18.20', '0.25.12', '0.28.0' ],
17 silly audit   '@esbuild/freebsd-arm64': [ '0.18.20', '0.25.12', '0.28.0' ],
17 silly audit   '@esbuild/freebsd-x64': [ '0.18.20', '0.25.12', '0.28.0' ],
17 silly audit   '@esbuild/linux-arm': [ '0.18.20', '0.25.12', '0.28.0' ],
17 silly audit   '@esbuild/linux-arm64': [ '0.18.20', '0.25.12', '0.28.0' ],
17 silly audit   '@esbuild/linux-ia32': [ '0.18.20', '0.25.12', '0.28.0' ],
17 silly audit   '@esbuild/linux-loong64': [ '0.18.20', '0.25.12', '0.28.0' ],
17 silly audit   '@esbuild/linux-mips64el': [ '0.18.20', '0.25.12', '0.28.0' ],
17 silly audit   '@esbuild/linux-ppc64': [ '0.18.20', '0.25.12', '0.28.0' ],
17 silly audit   '@esbuild/linux-riscv64': [ '0.18.20', '0.25.12', '0.28.0' ],
17 silly audit   '@esbuild/linux-s390x': [ '0.18.20', '0.25.12', '0.28.0' ],
17 silly audit   '@esbuild/linux-x64': [ '0.18.20', '0.25.12', '0.28.0' ],
17 silly audit   '@esbuild/netbsd-x64': [ '0.18.20', '0.25.12', '0.28.0' ],
17 silly audit   '@esbuild/openbsd-x64': [ '0.18.20', '0.25.12', '0.28.0' ],
17 silly audit   '@esbuild/sunos-x64': [ '0.18.20', '0.25.12', '0.28.0' ],
17 silly audit   '@esbuild/win32-arm64': [ '0.18.20', '0.25.12', '0.28.0' ],
17 silly audit   '@esbuild/win32-ia32': [ '0.18.20', '0.25.12', '0.28.0' ],
17 silly audit   '@esbuild/win32-x64': [ '0.18.20', '0.25.12', '0.28.0' ],
17 silly audit   esbuild: [ '0.18.20', '0.25.12', '0.28.0' ],
17 silly audit   '@esbuild-kit/esm-loader': [ '2.6.5' ],
17 silly audit   '@esbuild/aix-ppc64': [ '0.25.12', '0.28.0' ],
17 silly audit   '@esbuild/netbsd-arm64': [ '0.25.12', '0.28.0' ],
17 silly audit   '@esbuild/openbsd-arm64': [ '0.25.12', '0.28.0' ],
17 silly audit   '@esbuild/openharmony-arm64': [ '0.25.12', '0.28.0' ],
17 silly audit   '@eslint-community/eslint-utils': [ '4.9.1' ],
17 silly audit   'eslint-visitor-keys': [ '3.4.3', '5.0.1', '4.2.1' ],
17 silly audit   '@eslint-community/regexpp': [ '4.12.2' ],
17 silly audit   '@eslint/config-array': [ '0.21.2' ],
17 silly audit   '@eslint/config-helpers': [ '0.4.2' ],
17 silly audit   '@eslint/core': [ '0.17.0' ],
17 silly audit   '@eslint/eslintrc': [ '3.3.5' ],
17 silly audit   '@eslint/js': [ '9.39.4' ],
17 silly audit   '@eslint/object-schema': [ '2.1.7' ],
17 silly audit   '@eslint/plugin-kit': [ '0.4.1' ],
17 silly audit   '@humanfs/core': [ '0.19.2' ],
17 silly audit   '@humanfs/node': [ '0.16.8' ],
17 silly audit   '@humanfs/types': [ '0.15.0' ],
17 silly audit   '@humanwhocodes/module-importer': [ '1.0.1' ],
17 silly audit   '@humanwhocodes/retry': [ '0.4.3' ],
17 silly audit   '@img/colour': [ '1.1.0' ],
17 silly audit   '@img/sharp-darwin-arm64': [ '0.34.5' ],
17 silly audit   '@img/sharp-darwin-x64': [ '0.34.5' ],
17 silly audit   '@img/sharp-libvips-darwin-arm64': [ '1.2.4' ],
17 silly audit   '@img/sharp-libvips-darwin-x64': [ '1.2.4' ],
17 silly audit   '@img/sharp-libvips-linux-arm': [ '1.2.4' ],
17 silly audit   '@img/sharp-libvips-linux-arm64': [ '1.2.4' ],
17 silly audit   '@img/sharp-libvips-linux-ppc64': [ '1.2.4' ],
17 silly audit   '@img/sharp-libvips-linux-riscv64': [ '1.2.4' ],
17 silly audit   '@img/sharp-libvips-linux-s390x': [ '1.2.4' ],
17 silly audit   '@img/sharp-libvips-linux-x64': [ '1.2.4' ],
17 silly audit   '@img/sharp-libvips-linuxmusl-arm64': [ '1.2.4' ],
17 silly audit   '@img/sharp-libvips-linuxmusl-x64': [ '1.2.4' ],
17 silly audit   '@img/sharp-linux-arm': [ '0.34.5' ],
17 silly audit   '@img/sharp-linux-arm64': [ '0.34.5' ],
17 silly audit   '@img/sharp-linux-ppc64': [ '0.34.5' ],
17 silly audit   '@img/sharp-linux-riscv64': [ '0.34.5' ],
17 silly audit   '@img/sharp-linux-s390x': [ '0.34.5' ],
17 silly audit   '@img/sharp-linux-x64': [ '0.34.5' ],
17 silly audit   '@img/sharp-linuxmusl-arm64': [ '0.34.5' ],
17 silly audit   '@img/sharp-linuxmusl-x64': [ '0.34.5' ],
17 silly audit   '@img/sharp-wasm32': [ '0.34.5' ],
17 silly audit   '@img/sharp-win32-arm64': [ '0.34.5' ],
17 silly audit   '@img/sharp-win32-ia32': [ '0.34.5' ],
17 silly audit   '@img/sharp-win32-x64': [ '0.34.5' ],
17 silly audit   '@jridgewell/gen-mapping': [ '0.3.13' ],
17 silly audit   '@jridgewell/remapping': [ '2.3.5' ],
17 silly audit   '@jridgewell/resolve-uri': [ '3.1.2' ],
17 silly audit   '@jridgewell/sourcemap-codec': [ '1.5.5' ],
17 silly audit   '@jridgewell/trace-mapping': [ '0.3.31' ],
17 silly audit   '@napi-rs/canvas': [ '0.1.100' ],
17 silly audit   '@napi-rs/canvas-android-arm64': [ '0.1.100' ],
17 silly audit   '@napi-rs/canvas-darwin-arm64': [ '0.1.100' ],
17 silly audit   '@napi-rs/canvas-darwin-x64': [ '0.1.100' ],
17 silly audit   '@napi-rs/canvas-linux-arm-gnueabihf': [ '0.1.100' ],
17 silly audit   '@napi-rs/canvas-linux-arm64-gnu': [ '0.1.100' ],
17 silly audit   '@napi-rs/canvas-linux-arm64-musl': [ '0.1.100' ],
17 silly audit   '@napi-rs/canvas-linux-riscv64-gnu': [ '0.1.100' ],
17 silly audit   '@napi-rs/canvas-linux-x64-gnu': [ '0.1.100' ],
17 silly audit   '@napi-rs/canvas-linux-x64-musl': [ '0.1.100' ],
17 silly audit   '@napi-rs/canvas-win32-arm64-msvc': [ '0.1.100' ],
17 silly audit   '@napi-rs/canvas-win32-x64-msvc': [ '0.1.100' ],
17 silly audit   '@napi-rs/wasm-runtime': [ '1.1.4' ],
17 silly audit   '@neondatabase/serverless': [ '1.1.0' ],
17 silly audit   '@next/env': [ '16.2.6' ],
17 silly audit   '@next/eslint-plugin-next': [ '16.2.6' ],
17 silly audit   '@next/swc-darwin-arm64': [ '16.2.6' ],
17 silly audit   '@next/swc-darwin-x64': [ '16.2.6' ],
17 silly audit   '@next/swc-linux-arm64-gnu': [ '16.2.6' ],
17 silly audit   '@next/swc-linux-arm64-musl': [ '16.2.6' ],
17 silly audit   '@next/swc-linux-x64-gnu': [ '16.2.6' ],
17 silly audit   '@next/swc-linux-x64-musl': [ '16.2.6' ],
17 silly audit   '@next/swc-win32-arm64-msvc': [ '16.2.6' ],
17 silly audit   '@next/swc-win32-x64-msvc': [ '16.2.6' ],
17 silly audit   '@nodelib/fs.scandir': [ '2.1.5' ],
17 silly audit   '@nodelib/fs.stat': [ '2.0.5' ],
17 silly audit   '@nodelib/fs.walk': [ '1.2.8' ],
17 silly audit   '@nolyfill/is-core-module': [ '1.0.39' ],
17 silly audit   '@rtsao/scc': [ '1.1.0' ],
17 silly audit   '@swc/helpers': [ '0.5.15' ],
17 silly audit   '@tailwindcss/node': [ '4.3.0' ],
17 silly audit   '@tailwindcss/oxide': [ '4.3.0' ],
17 silly audit   '@tailwindcss/oxide-android-arm64': [ '4.3.0' ],
17 silly audit   '@tailwindcss/oxide-darwin-arm64': [ '4.3.0' ],
17 silly audit   '@tailwindcss/oxide-darwin-x64': [ '4.3.0' ],
17 silly audit   '@tailwindcss/oxide-freebsd-x64': [ '4.3.0' ],
17 silly audit   '@tailwindcss/oxide-linux-arm-gnueabihf': [ '4.3.0' ],
17 silly audit   '@tailwindcss/oxide-linux-arm64-gnu': [ '4.3.0' ],
17 silly audit   '@tailwindcss/oxide-linux-arm64-musl': [ '4.3.0' ],
17 silly audit   '@tailwindcss/oxide-linux-x64-gnu': [ '4.3.0' ],
17 silly audit   '@tailwindcss/oxide-linux-x64-musl': [ '4.3.0' ],
17 silly audit   '@tailwindcss/oxide-wasm32-wasi': [ '4.3.0' ],
17 silly audit   '@tailwindcss/oxide-win32-arm64-msvc': [ '4.3.0' ],
17 silly audit   '@tailwindcss/oxide-win32-x64-msvc': [ '4.3.0' ],
17 silly audit   '@tailwindcss/postcss': [ '4.3.0' ],
17 silly audit   '@tanstack/react-virtual': [ '3.14.2' ],
17 silly audit   '@tanstack/virtual-core': [ '3.17.0' ],
17 silly audit   '@tybys/wasm-util': [ '0.10.2' ],
17 silly audit   '@types/estree': [ '1.0.9' ],
17 silly audit   '@types/json-schema': [ '7.0.15' ],
17 silly audit   '@types/json5': [ '0.0.29' ],
17 silly audit   '@types/node': [ '20.19.41' ],
17 silly audit   '@types/pdfjs-dist': [ '2.10.377' ],
17 silly audit   '@types/react': [ '19.2.16' ],
17 silly audit   '@types/react-dom': [ '19.2.3' ],
17 silly audit   '@typescript-eslint/eslint-plugin': [ '8.60.1' ],
17 silly audit   ignore: [ '7.0.5', '5.3.2' ],
17 silly audit   '@typescript-eslint/parser': [ '8.60.1' ],
17 silly audit   '@typescript-eslint/project-service': [ '8.60.1' ],
17 silly audit   '@typescript-eslint/scope-manager': [ '8.60.1' ],
17 silly audit   '@typescript-eslint/tsconfig-utils': [ '8.60.1' ],
17 silly audit   '@typescript-eslint/type-utils': [ '8.60.1' ],
17 silly audit   '@typescript-eslint/types': [ '8.60.1' ],
17 silly audit   '@typescript-eslint/typescript-estree': [ '8.60.1' ],
17 silly audit   'balanced-match': [ '4.0.4', '1.0.2' ],
17 silly audit   'brace-expansion': [ '5.0.6', '1.1.15' ],
17 silly audit   minimatch: [ '10.2.5', '3.1.5' ],
17 silly audit   semver: [ '7.8.2', '6.3.1' ],
17 silly audit   '@typescript-eslint/utils': [ '8.60.1' ],
17 silly audit   '@typescript-eslint/visitor-keys': [ '8.60.1' ],
17 silly audit   '@unrs/resolver-binding-android-arm-eabi': [ '1.12.2' ],
17 silly audit   '@unrs/resolver-binding-android-arm64': [ '1.12.2' ],
17 silly audit   '@unrs/resolver-binding-darwin-arm64': [ '1.12.2' ],
17 silly audit   '@unrs/resolver-binding-darwin-x64': [ '1.12.2' ],
17 silly audit   '@unrs/resolver-binding-freebsd-x64': [ '1.12.2' ],
17 silly audit   '@unrs/resolver-binding-linux-arm-gnueabihf': [ '1.12.2' ],
17 silly audit   '@unrs/resolver-binding-linux-arm-musleabihf': [ '1.12.2' ],
17 silly audit   '@unrs/resolver-binding-linux-arm64-gnu': [ '1.12.2' ],
17 silly audit   '@unrs/resolver-binding-linux-arm64-musl': [ '1.12.2' ],
17 silly audit   '@unrs/resolver-binding-linux-loong64-gnu': [ '1.12.2' ],
17 silly audit   '@unrs/resolver-binding-linux-loong64-musl': [ '1.12.2' ],
17 silly audit   '@unrs/resolver-binding-linux-ppc64-gnu': [ '1.12.2' ],
17 silly audit   '@unrs/resolver-binding-linux-riscv64-gnu': [ '1.12.2' ],
17 silly audit   '@unrs/resolver-binding-linux-riscv64-musl': [ '1.12.2' ],
17 silly audit   '@unrs/resolver-binding-linux-s390x-gnu': [ '1.12.2' ],
17 silly audit   '@unrs/resolver-binding-linux-x64-gnu': [ '1.12.2' ],
17 silly audit   '@unrs/resolver-binding-linux-x64-musl': [ '1.12.2' ],
17 silly audit   '@unrs/resolver-binding-openharmony-arm64': [ '1.12.2' ],
17 silly audit   '@unrs/resolver-binding-wasm32-wasi': [ '1.12.2' ],
17 silly audit   '@unrs/resolver-binding-win32-arm64-msvc': [ '1.12.2' ],
17 silly audit   '@unrs/resolver-binding-win32-ia32-msvc': [ '1.12.2' ],
17 silly audit   '@unrs/resolver-binding-win32-x64-msvc': [ '1.12.2' ],
17 silly audit   '@xmldom/xmldom': [ '0.8.13' ],
17 silly audit   acorn: [ '8.16.0' ],
17 silly audit   'acorn-jsx': [ '5.3.2' ],
17 silly audit   'adler-32': [ '1.3.1' ],
17 silly audit   ajv: [ '6.15.0' ],
17 silly audit   'ansi-styles': [ '4.3.0' ],
17 silly audit   argparse: [ '2.0.1', '1.0.10' ],
17 silly audit   'aria-query': [ '5.3.2' ],
17 silly audit   'array-buffer-byte-length': [ '1.0.2' ],
17 silly audit   'array-includes': [ '3.1.9' ],
17 silly audit   'array.prototype.findlast': [ '1.2.5' ],
17 silly audit   'array.prototype.findlastindex': [ '1.2.6' ],
17 silly audit   'array.prototype.flat': [ '1.3.3' ],
17 silly audit   'array.prototype.flatmap': [ '1.3.3' ],
17 silly audit   'array.prototype.tosorted': [ '1.1.4' ],
17 silly audit   'arraybuffer.prototype.slice': [ '1.0.4' ],
17 silly audit   'ast-types-flow': [ '0.0.8' ],
17 silly audit   'async-function': [ '1.0.0' ],
17 silly audit   'available-typed-arrays': [ '1.0.7' ],
17 silly audit   'axe-core': [ '4.12.0' ],
17 silly audit   'axobject-query': [ '4.1.0' ],
17 silly audit   'base64-js': [ '1.5.1' ],
17 silly audit   'baseline-browser-mapping': [ '2.10.33' ],
17 silly audit   bluebird: [ '3.4.7' ],
17 silly audit   braces: [ '3.0.3' ],
17 silly audit   browserslist: [ '4.28.2' ],
17 silly audit   'buffer-from': [ '1.1.2' ],
17 silly audit   'call-bind': [ '1.0.9' ],
17 silly audit   'call-bind-apply-helpers': [ '1.0.2' ],
17 silly audit   'call-bound': [ '1.0.4' ],
17 silly audit   callsites: [ '3.1.0' ],
17 silly audit   'caniuse-lite': [ '1.0.30001793' ],
17 silly audit   cfb: [ '1.2.2' ],
17 silly audit   chalk: [ '4.1.2' ],
17 silly audit   'class-variance-authority': [ '0.7.1' ],
17 silly audit   'client-only': [ '0.0.1' ],
17 silly audit   clsx: [ '2.1.1' ],
17 silly audit   codepage: [ '1.15.0' ],
17 silly audit   'color-convert': [ '2.0.1' ],
17 silly audit   'color-name': [ '1.1.4' ],
17 silly audit   'concat-map': [ '0.0.1' ],
17 silly audit   'convert-source-map': [ '2.0.0' ],
17 silly audit   'core-util-is': [ '1.0.3' ],
17 silly audit   'crc-32': [ '1.2.2' ],
17 silly audit   'cross-spawn': [ '7.0.6' ],
17 silly audit   csstype: [ '3.2.3' ],
17 silly audit   'damerau-levenshtein': [ '1.0.8' ],
17 silly audit   'data-view-buffer': [ '1.0.2' ],
17 silly audit   'data-view-byte-length': [ '1.0.2' ],
17 silly audit   'data-view-byte-offset': [ '1.0.1' ],
17 silly audit   debug: [ '4.4.3', '3.2.7' ],
17 silly audit   'deep-is': [ '0.1.4' ],
17 silly audit   'define-data-property': [ '1.1.4' ],
17 silly audit   'define-properties': [ '1.2.1' ],
17 silly audit   'detect-libc': [ '2.1.2' ],
17 silly audit   'dingbat-to-unicode': [ '1.0.1' ],
17 silly audit   doctrine: [ '2.1.0' ],
17 silly audit   dotenv: [ '17.4.2' ],
17 silly audit   'drizzle-kit': [ '0.31.10' ],
17 silly audit   'drizzle-orm': [ '0.45.2' ],
17 silly audit   duck: [ '0.1.12' ],
17 silly audit   'dunder-proto': [ '1.0.1' ],
17 silly audit   'electron-to-chromium': [ '1.5.368' ],
17 silly audit   'emoji-regex': [ '9.2.2' ],
17 silly audit   'enhanced-resolve': [ '5.22.2' ],
17 silly audit   'es-abstract': [ '1.24.2' ],
17 silly audit   'es-define-property': [ '1.0.1' ],
17 silly audit   'es-errors': [ '1.3.0' ],
17 silly audit   'es-iterator-helpers': [ '1.3.2' ],
17 silly audit   'es-object-atoms': [ '1.1.2' ],
17 silly audit   'es-set-tostringtag': [ '2.1.0' ],
17 silly audit   'es-shim-unscopables': [ '1.1.0' ],
17 silly audit   'es-to-primitive': [ '1.3.0' ],
17 silly audit   escalade: [ '3.2.0' ],
17 silly audit   'escape-string-regexp': [ '4.0.0' ],
17 silly audit   eslint: [ '9.39.4' ],
17 silly audit   'eslint-config-next': [ '16.2.6' ],
17 silly audit   globals: [ '16.4.0', '14.0.0' ],
17 silly audit   'eslint-import-resolver-node': [ '0.3.10' ],
17 silly audit   'eslint-import-resolver-typescript': [ '3.10.1' ],
17 silly audit   'eslint-module-utils': [ '2.13.0' ],
17 silly audit   'eslint-plugin-import': [ '2.32.0' ],
17 silly audit   'eslint-plugin-jsx-a11y': [ '6.10.2' ],
17 silly audit   'eslint-plugin-react': [ '7.37.5' ],
17 silly audit   'eslint-plugin-react-hooks': [ '7.1.1' ],
17 silly audit   'eslint-scope': [ '8.4.0' ],
17 silly audit   espree: [ '10.4.0' ],
17 silly audit   esquery: [ '1.7.0' ],
17 silly audit   esrecurse: [ '4.3.0' ],
17 silly audit   estraverse: [ '5.3.0' ],
17 silly audit   esutils: [ '2.0.3' ],
17 silly audit   'fast-deep-equal': [ '3.1.3' ],
17 silly audit   'fast-glob': [ '3.3.1' ],
17 silly audit   'glob-parent': [ '5.1.2', '6.0.2' ],
17 silly audit   'fast-json-stable-stringify': [ '2.1.0' ],
17 silly audit   'fast-levenshtein': [ '2.0.6' ],
17 silly audit   fastq: [ '1.20.1' ],
17 silly audit   'file-entry-cache': [ '8.0.0' ],
17 silly audit   'fill-range': [ '7.1.1' ],
17 silly audit   'find-up': [ '5.0.0' ],
17 silly audit   'flat-cache': [ '4.0.1' ],
17 silly audit   flatted: [ '3.4.2' ],
17 silly audit   'for-each': [ '0.3.5' ],
17 silly audit   frac: [ '1.1.2' ],
17 silly audit   fsevents: [ '2.3.3' ],
17 silly audit   'function-bind': [ '1.1.2' ],
17 silly audit   'function.prototype.name': [ '1.1.8' ],
17 silly audit   'functions-have-names': [ '1.2.3' ],
17 silly audit   'generator-function': [ '2.0.1' ],
17 silly audit   gensync: [ '1.0.0-beta.2' ],
17 silly audit   'get-intrinsic': [ '1.3.0' ],
17 silly audit   'get-proto': [ '1.0.1' ],
17 silly audit   'get-symbol-description': [ '1.1.0' ],
17 silly audit   'get-tsconfig': [ '4.14.0' ],
17 silly audit   globalthis: [ '1.0.4' ],
17 silly audit   gopd: [ '1.2.0' ],
17 silly audit   'graceful-fs': [ '4.2.11' ],
17 silly audit   'has-bigints': [ '1.1.0' ],
17 silly audit   'has-flag': [ '4.0.0' ],
17 silly audit   'has-property-descriptors': [ '1.0.2' ],
17 silly audit   'has-proto': [ '1.2.0' ],
17 silly audit   'has-symbols': [ '1.1.0' ],
17 silly audit   'has-tostringtag': [ '1.0.2' ],
17 silly audit   hasown: [ '2.0.4' ],
17 silly audit   'hermes-estree': [ '0.25.1' ],
17 silly audit   'hermes-parser': [ '0.25.1' ],
17 silly audit   immediate: [ '3.0.6' ],
17 silly audit   'import-fresh': [ '3.3.1' ],
17 silly audit   imurmurhash: [ '0.1.4' ],
17 silly audit   inherits: [ '2.0.4' ],
17 silly audit   'internal-slot': [ '1.1.0' ],
17 silly audit   'is-array-buffer': [ '3.0.5' ],
17 silly audit   'is-async-function': [ '2.1.1' ],
17 silly audit   'is-bigint': [ '1.1.0' ],
17 silly audit   'is-boolean-object': [ '1.2.2' ],
17 silly audit   'is-bun-module': [ '2.0.0' ],
17 silly audit   'is-callable': [ '1.2.7' ],
17 silly audit   'is-core-module': [ '2.16.2' ],
17 silly audit   'is-data-view': [ '1.0.2' ],
17 silly audit   'is-date-object': [ '1.1.0' ],
17 silly audit   'is-extglob': [ '2.1.1' ],
17 silly audit   'is-finalizationregistry': [ '1.1.1' ],
17 silly audit   'is-generator-function': [ '1.1.2' ],
17 silly audit   'is-glob': [ '4.0.3' ],
17 silly audit   'is-map': [ '2.0.3' ],
17 silly audit   'is-negative-zero': [ '2.0.3' ],
17 silly audit   'is-number': [ '7.0.0' ],
17 silly audit   'is-number-object': [ '1.1.1' ],
17 silly audit   'is-regex': [ '1.2.1' ],
17 silly audit   'is-set': [ '2.0.3' ],
17 silly audit   'is-shared-array-buffer': [ '1.0.4' ],
17 silly audit   'is-string': [ '1.1.1' ],
17 silly audit   'is-symbol': [ '1.1.1' ],
17 silly audit   'is-typed-array': [ '1.1.15' ],
17 silly audit   'is-weakmap': [ '2.0.2' ],
17 silly audit   'is-weakref': [ '1.1.1' ],
17 silly audit   'is-weakset': [ '2.0.4' ],
17 silly audit   isarray: [ '2.0.5', '1.0.0' ],
17 silly audit   isexe: [ '2.0.0' ],
17 silly audit   'iterator.prototype': [ '1.1.5' ],
17 silly audit   jiti: [ '2.7.0' ],
17 silly audit   'js-tokens': [ '4.0.0' ],
17 silly audit   'js-yaml': [ '4.2.0' ],
17 silly audit   jsesc: [ '3.1.0' ],
17 silly audit   'json-buffer': [ '3.0.1' ],
17 silly audit   'json-schema-traverse': [ '0.4.1' ],
17 silly audit   'json-stable-stringify-without-jsonify': [ '1.0.1' ],
17 silly audit   json5: [ '2.2.3', '1.0.2' ],
17 silly audit   'jsx-ast-utils': [ '3.3.5' ],
17 silly audit   jszip: [ '3.10.1' ],
17 silly audit   keyv: [ '4.5.4' ],
17 silly audit   'language-subtag-registry': [ '0.3.23' ],
17 silly audit   'language-tags': [ '1.0.9' ],
17 silly audit   levn: [ '0.4.1' ],
17 silly audit   lie: [ '3.3.0' ],
17 silly audit   lightningcss: [ '1.32.0' ],
17 silly audit   'lightningcss-android-arm64': [ '1.32.0' ],
17 silly audit   'lightningcss-darwin-arm64': [ '1.32.0' ],
17 silly audit   'lightningcss-darwin-x64': [ '1.32.0' ],
17 silly audit   'lightningcss-freebsd-x64': [ '1.32.0' ],
17 silly audit   'lightningcss-linux-arm-gnueabihf': [ '1.32.0' ],
17 silly audit   'lightningcss-linux-arm64-gnu': [ '1.32.0' ],
17 silly audit   'lightningcss-linux-arm64-musl': [ '1.32.0' ],
17 silly audit   'lightningcss-linux-x64-gnu': [ '1.32.0' ],
17 silly audit   'lightningcss-linux-x64-musl': [ '1.32.0' ],
17 silly audit   'lightningcss-win32-arm64-msvc': [ '1.32.0' ],
17 silly audit   'lightningcss-win32-x64-msvc': [ '1.32.0' ],
17 silly audit   'locate-path': [ '6.0.0' ],
17 silly audit   'lodash.merge': [ '4.6.2' ],
17 silly audit   'loose-envify': [ '1.4.0' ],
17 silly audit   lop: [ '0.4.2' ],
17 silly audit   'lru-cache': [ '5.1.1' ],
17 silly audit   'lucide-react': [ '1.17.0' ],
17 silly audit   'magic-string': [ '0.30.21' ],
17 silly audit   mammoth: [ '1.12.0' ],
17 silly audit   'math-intrinsics': [ '1.1.0' ],
17 silly audit   merge2: [ '1.4.1' ],
17 silly audit   micromatch: [ '4.0.8' ],
17 silly audit   minimist: [ '1.2.8' ],
17 silly audit   ms: [ '2.1.3' ],
17 silly audit   nanoid: [ '3.3.12' ],
17 silly audit   'napi-postinstall': [ '0.3.4' ],
17 silly audit   'natural-compare': [ '1.4.0' ],
17 silly audit   next: [ '16.2.6' ],
17 silly audit   postcss: [ '8.4.31', '8.5.15' ],
17 silly audit   'node-exports-info': [ '1.6.0' ],
17 silly audit   'node-releases': [ '2.0.47' ],
17 silly audit   'object-assign': [ '4.1.1' ],
17 silly audit   'object-inspect': [ '1.13.4' ],
17 silly audit   'object-keys': [ '1.1.1' ],
17 silly audit   'object.assign': [ '4.1.7' ],
17 silly audit   'object.entries': [ '1.1.9' ],
17 silly audit   'object.fromentries': [ '2.0.8' ],
17 silly audit   'object.groupby': [ '1.0.3' ],
17 silly audit   'object.values': [ '1.2.1' ],
17 silly audit   option: [ '0.2.4' ],
17 silly audit   optionator: [ '0.9.4' ],
17 silly audit   'own-keys': [ '1.0.1' ],
17 silly audit   'p-limit': [ '3.1.0' ],
17 silly audit   'p-locate': [ '5.0.0' ],
17 silly audit   pako: [ '1.0.11' ],
17 silly audit   'parent-module': [ '1.0.1' ],
17 silly audit   'path-exists': [ '4.0.0' ],
17 silly audit   'path-is-absolute': [ '1.0.1' ],
17 silly audit   'path-key': [ '3.1.1' ],
17 silly audit   'path-parse': [ '1.0.7' ],
17 silly audit   'pdfjs-dist': [ '4.10.38' ],
17 silly audit   picocolors: [ '1.1.1' ],
17 silly audit   picomatch: [ '2.3.2', '4.0.4' ],
17 silly audit   'possible-typed-array-names': [ '1.1.0' ],
17 silly audit   'prelude-ls': [ '1.2.1' ],
17 silly audit   'process-nextick-args': [ '2.0.1' ],
17 silly audit   'prop-types': [ '15.8.1' ],
17 silly audit   punycode: [ '2.3.1' ],
17 silly audit   'queue-microtask': [ '1.2.3' ],
17 silly audit   react: [ '19.2.4' ],
17 silly audit   'react-dom': [ '19.2.4' ],
17 silly audit   'react-is': [ '16.13.1' ],
17 silly audit   'readable-stream': [ '2.3.8' ],
17 silly audit   'reflect.getprototypeof': [ '1.0.10' ],
17 silly audit   'regexp.prototype.flags': [ '1.5.4' ],
17 silly audit   resolve: [ '2.0.0-next.7' ],
17 silly audit   'resolve-from': [ '4.0.0' ],
17 silly audit   'resolve-pkg-maps': [ '1.0.0' ],
17 silly audit   reusify: [ '1.1.0' ],
17 silly audit   'run-parallel': [ '1.2.0' ],
17 silly audit   'safe-array-concat': [ '1.1.4' ],
17 silly audit   'safe-buffer': [ '5.1.2' ],
17 silly audit   'safe-push-apply': [ '1.0.0' ],
17 silly audit   'safe-regex-test': [ '1.1.0' ],
17 silly audit   scheduler: [ '0.27.0' ],
17 silly audit   'set-function-length': [ '1.2.2' ],
17 silly audit   'set-function-name': [ '2.0.2' ],
17 silly audit   'set-proto': [ '1.0.0' ],
17 silly audit   setimmediate: [ '1.0.5' ],
17 silly audit   sharp: [ '0.34.5' ],
17 silly audit   'shebang-command': [ '2.0.0' ],
17 silly audit   'shebang-regex': [ '3.0.0' ],
17 silly audit   'side-channel': [ '1.1.0' ],
17 silly audit   'side-channel-list': [ '1.0.1' ],
17 silly audit   'side-channel-map': [ '1.0.1' ],
17 silly audit   'side-channel-weakmap': [ '1.0.2' ],
17 silly audit   'source-map': [ '0.6.1' ],
17 silly audit   'source-map-js': [ '1.2.1' ],
17 silly audit   'source-map-support': [ '0.5.21' ],
17 silly audit   'sprintf-js': [ '1.0.3' ],
17 silly audit   ssf: [ '0.11.2' ],
17 silly audit   'stable-hash': [ '0.0.5' ],
17 silly audit   'stop-iteration-iterator': [ '1.1.0' ],
17 silly audit   string_decoder: [ '1.1.1' ],
17 silly audit   'string.prototype.includes': [ '2.0.1' ],
17 silly audit   'string.prototype.matchall': [ '4.0.12' ],
17 silly audit   'string.prototype.repeat': [ '1.0.0' ],
17 silly audit   'string.prototype.trim': [ '1.2.10' ],
17 silly audit   'string.prototype.trimend': [ '1.0.9' ],
17 silly audit   'string.prototype.trimstart': [ '1.0.8' ],
17 silly audit   'strip-bom': [ '3.0.0' ],
17 silly audit   'strip-json-comments': [ '3.1.1' ],
17 silly audit   'styled-jsx': [ '5.1.6' ],
17 silly audit   'supports-color': [ '7.2.0' ],
17 silly audit   'supports-preserve-symlinks-flag': [ '1.0.0' ],
17 silly audit   'tailwind-merge': [ '3.6.0' ],
17 silly audit   tailwindcss: [ '4.3.0' ],
17 silly audit   tapable: [ '2.3.3' ],
17 silly audit   tinyglobby: [ '0.2.17' ],
17 silly audit   fdir: [ '6.5.0' ],
17 silly audit   'to-regex-range': [ '5.0.1' ],
17 silly audit   'ts-api-utils': [ '2.5.0' ],
17 silly audit   'tsconfig-paths': [ '3.15.0' ],
17 silly audit   tslib: [ '2.8.1' ],
17 silly audit   tsx: [ '4.22.4' ],
17 silly audit   'type-check': [ '0.4.0' ],
17 silly audit   'typed-array-buffer': [ '1.0.3' ],
17 silly audit   'typed-array-byte-length': [ '1.0.3' ],
17 silly audit   'typed-array-byte-offset': [ '1.0.4' ],
17 silly audit   'typed-array-length': [ '1.0.8' ],
17 silly audit   typescript: [ '5.9.3' ],
17 silly audit   'typescript-eslint': [ '8.60.1' ],
17 silly audit   'unbox-primitive': [ '1.1.0' ],
17 silly audit   underscore: [ '1.13.8' ],
17 silly audit   'undici-types': [ '6.21.0' ],
17 silly audit   'unrs-resolver': [ '1.12.2' ],
17 silly audit   'update-browserslist-db': [ '1.2.3' ],
17 silly audit   'uri-js': [ '4.4.1' ],
17 silly audit   'util-deprecate': [ '1.0.2' ],
17 silly audit   which: [ '2.0.2' ],
17 silly audit   'which-boxed-primitive': [ '1.1.1' ],
17 silly audit   'which-builtin-type': [ '1.2.1' ],
17 silly audit   'which-collection': [ '1.0.2' ],
17 silly audit   'which-typed-array': [ '1.1.21' ],
17 silly audit   wmf: [ '1.0.2' ],
17 silly audit   word: [ '0.3.0' ],
17 silly audit   'word-wrap': [ '1.2.5' ],
17 silly audit   xlsx: [ '0.18.5' ],
17 silly audit   xmlbuilder: [ '10.1.1' ],
17 silly audit   yallist: [ '3.1.1' ],
17 silly audit   'yocto-queue': [ '0.1.0' ],
17 silly audit   zod: [ '4.4.3' ],
17 silly audit   'zod-validation-error': [ '4.0.2' ],
17 silly audit   zustand: [ '5.0.14' ]
17 silly audit }
18 http fetch POST 404 https://registry.npmmirror.com/-/npm/v1/security/advisories/bulk 444ms
19 verbose audit error HttpErrorGeneral: 404 Not Found - POST https://registry.npmmirror.com/-/npm/v1/security/advisories/bulk - [NOT_IMPLEMENTED] /-/npm/v1/security/* not implemented yet
19 verbose audit error     at C:\Program Files\nodejs\node_modules\npm\node_modules\npm-registry-fetch\lib\check-response.js:103:15
19 verbose audit error     at process.processTicksAndRejections (node:internal/process/task_queues:104:5)
19 verbose audit error     at async #getReport (C:\Program Files\nodejs\node_modules\npm\node_modules\@npmcli\arborist\lib\audit-report.js:275:19)
19 verbose audit error     at async AuditReport.run (C:\Program Files\nodejs\node_modules\npm\node_modules\@npmcli\arborist\lib\audit-report.js:100:19) {
19 verbose audit error   headers: [Object: null prototype] {
19 verbose audit error     server: [ 'Tengine' ],
19 verbose audit error     date: [ 'Sun, 07 Jun 2026 06:55:43 GMT' ],
19 verbose audit error     'content-type': [ 'application/json' ],
19 verbose audit error     'transfer-encoding': [ 'chunked' ],
19 verbose audit error     connection: [ 'keep-alive' ],
19 verbose audit error     'strict-transport-security': [ 'max-age=5184000' ],
19 verbose audit error     via: [ 'kunlun7.cn8884[,404666]' ],
19 verbose audit error     'timing-allow-origin': [ '*' ],
19 verbose audit error     eagleid: [ '78e23b9d17808153439283474e' ],
19 verbose audit error     'x-fetch-attempts': [ '1' ]
19 verbose audit error   },
19 verbose audit error   statusCode: 404,
19 verbose audit error   code: 'E404',
19 verbose audit error   method: 'POST',
19 verbose audit error   uri: 'https://registry.npmmirror.com/-/npm/v1/security/advisories/bulk',
19 verbose audit error   body: {
19 verbose audit error     error: '[NOT_IMPLEMENTED] /-/npm/v1/security/* not implemented yet'
19 verbose audit error   },
19 verbose audit error   pkgid: undefined
19 verbose audit error }
20 silly audit error [object Object]
21 silly audit report null
22 http cache zustand@https://registry.npmmirror.com/zustand/-/zustand-5.0.14.tgz 2ms (cache hit)
23 http cache zod-validation-error@https://registry.npmmirror.com/zod-validation-error/-/zod-validation-error-4.0.2.tgz 0ms (cache hit)
24 http cache zod@https://registry.npmmirror.com/zod/-/zod-4.4.3.tgz 0ms (cache hit)
25 http cache yocto-queue@https://registry.npmmirror.com/yocto-queue/-/yocto-queue-0.1.0.tgz 0ms (cache hit)
26 http cache yallist@https://registry.npmmirror.com/yallist/-/yallist-3.1.1.tgz 0ms (cache hit)
27 http cache xlsx@https://registry.npmmirror.com/xlsx/-/xlsx-0.18.5.tgz 0ms (cache hit)
28 http cache xmlbuilder@https://registry.npmmirror.com/xmlbuilder/-/xmlbuilder-10.1.1.tgz 0ms (cache hit)
29 http cache word@https://registry.npmmirror.com/word/-/word-0.3.0.tgz 0ms (cache hit)
30 http cache which-typed-array@https://registry.npmmirror.com/which-typed-array/-/which-typed-array-1.1.21.tgz 0ms (cache hit)
31 http cache which-collection@https://registry.npmmirror.com/which-collection/-/which-collection-1.0.2.tgz 1ms (cache hit)
32 http cache which-builtin-type@https://registry.npmmirror.com/which-builtin-type/-/which-builtin-type-1.2.1.tgz 0ms (cache hit)
33 http cache wmf@https://registry.npmmirror.com/wmf/-/wmf-1.0.2.tgz 0ms (cache hit)
34 http cache word-wrap@https://registry.npmmirror.com/word-wrap/-/word-wrap-1.2.5.tgz 0ms (cache hit)
35 http cache which-boxed-primitive@https://registry.npmmirror.com/which-boxed-primitive/-/which-boxed-primitive-1.1.1.tgz 0ms (cache hit)
36 http cache which@https://registry.npmmirror.com/which/-/which-2.0.2.tgz 0ms (cache hit)
37 http cache update-browserslist-db@https://registry.npmmirror.com/update-browserslist-db/-/update-browserslist-db-1.2.3.tgz 0ms (cache hit)
38 http cache unrs-resolver@https://registry.npmmirror.com/unrs-resolver/-/unrs-resolver-1.12.2.tgz 0ms (cache hit)
39 http cache util-deprecate@https://registry.npmmirror.com/util-deprecate/-/util-deprecate-1.0.2.tgz 0ms (cache hit)
40 http cache underscore@https://registry.npmmirror.com/underscore/-/underscore-1.13.8.tgz 0ms (cache hit)
41 http cache undici-types@https://registry.npmmirror.com/undici-types/-/undici-types-6.21.0.tgz 0ms (cache hit)
42 http cache unbox-primitive@https://registry.npmmirror.com/unbox-primitive/-/unbox-primitive-1.1.0.tgz 0ms (cache hit)
43 http cache uri-js@https://registry.npmmirror.com/uri-js/-/uri-js-4.4.1.tgz 0ms (cache hit)
44 http cache typescript-eslint@https://registry.npmmirror.com/typescript-eslint/-/typescript-eslint-8.60.1.tgz 0ms (cache hit)
45 http cache typescript@https://registry.npmmirror.com/typescript/-/typescript-5.9.3.tgz 0ms (cache hit)
46 http cache typed-array-length@https://registry.npmmirror.com/typed-array-length/-/typed-array-length-1.0.8.tgz 0ms (cache hit)
47 http cache typed-array-byte-offset@https://registry.npmmirror.com/typed-array-byte-offset/-/typed-array-byte-offset-1.0.4.tgz 0ms (cache hit)
48 http cache typed-array-buffer@https://registry.npmmirror.com/typed-array-buffer/-/typed-array-buffer-1.0.3.tgz 0ms (cache hit)
49 http cache typed-array-byte-length@https://registry.npmmirror.com/typed-array-byte-length/-/typed-array-byte-length-1.0.3.tgz 0ms (cache hit)
50 http cache type-check@https://registry.npmmirror.com/type-check/-/type-check-0.4.0.tgz 0ms (cache hit)
51 http cache tsx@https://registry.npmmirror.com/tsx/-/tsx-4.22.4.tgz 0ms (cache hit)
52 http cache ts-api-utils@https://registry.npmmirror.com/ts-api-utils/-/ts-api-utils-2.5.0.tgz 0ms (cache hit)
53 http cache tslib@https://registry.npmmirror.com/tslib/-/tslib-2.8.1.tgz 0ms (cache hit)
54 http cache tsconfig-paths@https://registry.npmmirror.com/tsconfig-paths/-/tsconfig-paths-3.15.0.tgz 0ms (cache hit)
55 http cache to-regex-range@https://registry.npmmirror.com/to-regex-range/-/to-regex-range-5.0.1.tgz 0ms (cache hit)
56 http cache tailwindcss@https://registry.npmmirror.com/tailwindcss/-/tailwindcss-4.3.0.tgz 0ms (cache hit)
57 http cache tapable@https://registry.npmmirror.com/tapable/-/tapable-2.3.3.tgz 0ms (cache hit)
58 http cache tailwind-merge@https://registry.npmmirror.com/tailwind-merge/-/tailwind-merge-3.6.0.tgz 0ms (cache hit)
59 http cache supports-color@https://registry.npmmirror.com/supports-color/-/supports-color-7.2.0.tgz 0ms (cache hit)
60 http cache supports-preserve-symlinks-flag@https://registry.npmmirror.com/supports-preserve-symlinks-flag/-/supports-preserve-symlinks-flag-1.0.0.tgz 0ms (cache hit)
61 http cache styled-jsx@https://registry.npmmirror.com/styled-jsx/-/styled-jsx-5.1.6.tgz 0ms (cache hit)
62 http cache tinyglobby@https://registry.npmmirror.com/tinyglobby/-/tinyglobby-0.2.17.tgz 0ms (cache hit)
63 http cache strip-bom@https://registry.npmmirror.com/strip-bom/-/strip-bom-3.0.0.tgz 0ms (cache hit)
64 http cache strip-json-comments@https://registry.npmmirror.com/strip-json-comments/-/strip-json-comments-3.1.1.tgz 0ms (cache hit)
65 http cache string.prototype.trimstart@https://registry.npmmirror.com/string.prototype.trimstart/-/string.prototype.trimstart-1.0.8.tgz 0ms (cache hit)
66 http cache string.prototype.trimend@https://registry.npmmirror.com/string.prototype.trimend/-/string.prototype.trimend-1.0.9.tgz 0ms (cache hit)
67 http cache string.prototype.matchall@https://registry.npmmirror.com/string.prototype.matchall/-/string.prototype.matchall-4.0.12.tgz 0ms (cache hit)
68 http cache string.prototype.repeat@https://registry.npmmirror.com/string.prototype.repeat/-/string.prototype.repeat-1.0.0.tgz 0ms (cache hit)
69 http cache string.prototype.includes@https://registry.npmmirror.com/string.prototype.includes/-/string.prototype.includes-2.0.1.tgz 0ms (cache hit)
70 http cache string.prototype.trim@https://registry.npmmirror.com/string.prototype.trim/-/string.prototype.trim-1.2.10.tgz 0ms (cache hit)
71 http cache string_decoder@https://registry.npmmirror.com/string_decoder/-/string_decoder-1.1.1.tgz 0ms (cache hit)
72 http cache stop-iteration-iterator@https://registry.npmmirror.com/stop-iteration-iterator/-/stop-iteration-iterator-1.1.0.tgz 0ms (cache hit)
73 http cache ssf@https://registry.npmmirror.com/ssf/-/ssf-0.11.2.tgz 0ms (cache hit)
74 http cache stable-hash@https://registry.npmmirror.com/stable-hash/-/stable-hash-0.0.5.tgz 0ms (cache hit)
75 http cache source-map-support@https://registry.npmmirror.com/source-map-support/-/source-map-support-0.5.21.tgz 0ms (cache hit)
76 http cache sprintf-js@https://registry.npmmirror.com/sprintf-js/-/sprintf-js-1.0.3.tgz 0ms (cache hit)
77 http cache source-map-js@https://registry.npmmirror.com/source-map-js/-/source-map-js-1.2.1.tgz 0ms (cache hit)
78 http cache source-map@https://registry.npmmirror.com/source-map/-/source-map-0.6.1.tgz 0ms (cache hit)
79 http cache side-channel-map@https://registry.npmmirror.com/side-channel-map/-/side-channel-map-1.0.1.tgz 0ms (cache hit)
80 http cache side-channel-list@https://registry.npmmirror.com/side-channel-list/-/side-channel-list-1.0.1.tgz 0ms (cache hit)
81 http cache side-channel-weakmap@https://registry.npmmirror.com/side-channel-weakmap/-/side-channel-weakmap-1.0.2.tgz 0ms (cache hit)
82 http cache side-channel@https://registry.npmmirror.com/side-channel/-/side-channel-1.1.0.tgz 0ms (cache hit)
83 http cache shebang-regex@https://registry.npmmirror.com/shebang-regex/-/shebang-regex-3.0.0.tgz 1ms (cache hit)
84 http cache shebang-command@https://registry.npmmirror.com/shebang-command/-/shebang-command-2.0.0.tgz 0ms (cache hit)
85 http cache sharp@https://registry.npmmirror.com/sharp/-/sharp-0.34.5.tgz 0ms (cache hit)
86 http cache setimmediate@https://registry.npmmirror.com/setimmediate/-/setimmediate-1.0.5.tgz 0ms (cache hit)
87 http cache set-proto@https://registry.npmmirror.com/set-proto/-/set-proto-1.0.0.tgz 0ms (cache hit)
88 http cache set-function-name@https://registry.npmmirror.com/set-function-name/-/set-function-name-2.0.2.tgz 0ms (cache hit)
89 http cache semver@https://registry.npmmirror.com/semver/-/semver-6.3.1.tgz 0ms (cache hit)
90 http cache scheduler@https://registry.npmmirror.com/scheduler/-/scheduler-0.27.0.tgz 0ms (cache hit)
91 http cache set-function-length@https://registry.npmmirror.com/set-function-length/-/set-function-length-1.2.2.tgz 0ms (cache hit)
92 http cache safe-regex-test@https://registry.npmmirror.com/safe-regex-test/-/safe-regex-test-1.1.0.tgz 0ms (cache hit)
93 http cache safe-push-apply@https://registry.npmmirror.com/safe-push-apply/-/safe-push-apply-1.0.0.tgz 0ms (cache hit)
94 http cache safe-buffer@https://registry.npmmirror.com/safe-buffer/-/safe-buffer-5.1.2.tgz 0ms (cache hit)
95 http cache reusify@https://registry.npmmirror.com/reusify/-/reusify-1.1.0.tgz 0ms (cache hit)
96 http cache safe-array-concat@https://registry.npmmirror.com/safe-array-concat/-/safe-array-concat-1.1.4.tgz 0ms (cache hit)
97 http cache resolve-pkg-maps@https://registry.npmmirror.com/resolve-pkg-maps/-/resolve-pkg-maps-1.0.0.tgz 0ms (cache hit)
98 http cache run-parallel@https://registry.npmmirror.com/run-parallel/-/run-parallel-1.2.0.tgz 0ms (cache hit)
99 http cache resolve-from@https://registry.npmmirror.com/resolve-from/-/resolve-from-4.0.0.tgz 0ms (cache hit)
100 http cache resolve@https://registry.npmmirror.com/resolve/-/resolve-2.0.0-next.7.tgz 0ms (cache hit)
101 http cache regexp.prototype.flags@https://registry.npmmirror.com/regexp.prototype.flags/-/regexp.prototype.flags-1.5.4.tgz 0ms (cache hit)
102 http cache reflect.getprototypeof@https://registry.npmmirror.com/reflect.getprototypeof/-/reflect.getprototypeof-1.0.10.tgz 0ms (cache hit)
103 http cache readable-stream@https://registry.npmmirror.com/readable-stream/-/readable-stream-2.3.8.tgz 0ms (cache hit)
104 http cache react-is@https://registry.npmmirror.com/react-is/-/react-is-16.13.1.tgz 0ms (cache hit)
105 http cache react@https://registry.npmmirror.com/react/-/react-19.2.4.tgz 0ms (cache hit)
106 http cache react-dom@https://registry.npmmirror.com/react-dom/-/react-dom-19.2.4.tgz 0ms (cache hit)
107 http cache queue-microtask@https://registry.npmmirror.com/queue-microtask/-/queue-microtask-1.2.3.tgz 0ms (cache hit)
108 http cache punycode@https://registry.npmmirror.com/punycode/-/punycode-2.3.1.tgz 0ms (cache hit)
109 http cache prop-types@https://registry.npmmirror.com/prop-types/-/prop-types-15.8.1.tgz 0ms (cache hit)
110 http cache process-nextick-args@https://registry.npmmirror.com/process-nextick-args/-/process-nextick-args-2.0.1.tgz 0ms (cache hit)
111 http cache prelude-ls@https://registry.npmmirror.com/prelude-ls/-/prelude-ls-1.2.1.tgz 0ms (cache hit)
112 http cache possible-typed-array-names@https://registry.npmmirror.com/possible-typed-array-names/-/possible-typed-array-names-1.1.0.tgz 0ms (cache hit)
113 http cache postcss@https://registry.npmmirror.com/postcss/-/postcss-8.5.15.tgz 0ms (cache hit)
114 http cache picomatch@https://registry.npmmirror.com/picomatch/-/picomatch-2.3.2.tgz 0ms (cache hit)
115 http cache picocolors@https://registry.npmmirror.com/picocolors/-/picocolors-1.1.1.tgz 0ms (cache hit)
116 http cache pdfjs-dist@https://registry.npmmirror.com/pdfjs-dist/-/pdfjs-dist-4.10.38.tgz 0ms (cache hit)
117 http cache path-parse@https://registry.npmmirror.com/path-parse/-/path-parse-1.0.7.tgz 0ms (cache hit)
118 http cache path-is-absolute@https://registry.npmmirror.com/path-is-absolute/-/path-is-absolute-1.0.1.tgz 0ms (cache hit)
119 http cache path-key@https://registry.npmmirror.com/path-key/-/path-key-3.1.1.tgz 0ms (cache hit)
120 http cache path-exists@https://registry.npmmirror.com/path-exists/-/path-exists-4.0.0.tgz 0ms (cache hit)
121 http cache parent-module@https://registry.npmmirror.com/parent-module/-/parent-module-1.0.1.tgz 0ms (cache hit)
122 http cache pako@https://registry.npmmirror.com/pako/-/pako-1.0.11.tgz 0ms (cache hit)
123 http cache p-locate@https://registry.npmmirror.com/p-locate/-/p-locate-5.0.0.tgz 0ms (cache hit)
124 http cache p-limit@https://registry.npmmirror.com/p-limit/-/p-limit-3.1.0.tgz 0ms (cache hit)
125 http cache own-keys@https://registry.npmmirror.com/own-keys/-/own-keys-1.0.1.tgz 0ms (cache hit)
126 http cache optionator@https://registry.npmmirror.com/optionator/-/optionator-0.9.4.tgz 0ms (cache hit)
127 http cache option@https://registry.npmmirror.com/option/-/option-0.2.4.tgz 0ms (cache hit)
128 http cache object.values@https://registry.npmmirror.com/object.values/-/object.values-1.2.1.tgz 0ms (cache hit)
129 http cache object.entries@https://registry.npmmirror.com/object.entries/-/object.entries-1.1.9.tgz 1ms (cache hit)
130 http cache object-keys@https://registry.npmmirror.com/object-keys/-/object-keys-1.1.1.tgz 0ms (cache hit)
131 http cache object.fromentries@https://registry.npmmirror.com/object.fromentries/-/object.fromentries-2.0.8.tgz 0ms (cache hit)
132 http cache object.assign@https://registry.npmmirror.com/object.assign/-/object.assign-4.1.7.tgz 0ms (cache hit)
133 http cache object.groupby@https://registry.npmmirror.com/object.groupby/-/object.groupby-1.0.3.tgz 0ms (cache hit)
134 http cache object-inspect@https://registry.npmmirror.com/object-inspect/-/object-inspect-1.13.4.tgz 0ms (cache hit)
135 http cache object-assign@https://registry.npmmirror.com/object-assign/-/object-assign-4.1.1.tgz 0ms (cache hit)
136 http cache node-exports-info@https://registry.npmmirror.com/node-exports-info/-/node-exports-info-1.6.0.tgz 0ms (cache hit)
137 http cache node-releases@https://registry.npmmirror.com/node-releases/-/node-releases-2.0.47.tgz 0ms (cache hit)
138 http cache next@https://registry.npmmirror.com/next/-/next-16.2.6.tgz 0ms (cache hit)
139 http cache natural-compare@https://registry.npmmirror.com/natural-compare/-/natural-compare-1.4.0.tgz 0ms (cache hit)
140 http cache nanoid@https://registry.npmmirror.com/nanoid/-/nanoid-3.3.12.tgz 0ms (cache hit)
141 http cache ms@https://registry.npmmirror.com/ms/-/ms-2.1.3.tgz 0ms (cache hit)
142 http cache napi-postinstall@https://registry.npmmirror.com/napi-postinstall/-/napi-postinstall-0.3.4.tgz 0ms (cache hit)
143 http cache minimist@https://registry.npmmirror.com/minimist/-/minimist-1.2.8.tgz 0ms (cache hit)
144 http cache minimatch@https://registry.npmmirror.com/minimatch/-/minimatch-3.1.5.tgz 0ms (cache hit)
145 http cache micromatch@https://registry.npmmirror.com/micromatch/-/micromatch-4.0.8.tgz 0ms (cache hit)
146 http cache merge2@https://registry.npmmirror.com/merge2/-/merge2-1.4.1.tgz 0ms (cache hit)
147 http cache math-intrinsics@https://registry.npmmirror.com/math-intrinsics/-/math-intrinsics-1.1.0.tgz 0ms (cache hit)
148 http cache mammoth@https://registry.npmmirror.com/mammoth/-/mammoth-1.12.0.tgz 0ms (cache hit)
149 http cache magic-string@https://registry.npmmirror.com/magic-string/-/magic-string-0.30.21.tgz 0ms (cache hit)
150 http cache lucide-react@https://registry.npmmirror.com/lucide-react/-/lucide-react-1.17.0.tgz 0ms (cache hit)
151 http cache lru-cache@https://registry.npmmirror.com/lru-cache/-/lru-cache-5.1.1.tgz 0ms (cache hit)
152 http cache lop@https://registry.npmmirror.com/lop/-/lop-0.4.2.tgz 0ms (cache hit)
153 http cache loose-envify@https://registry.npmmirror.com/loose-envify/-/loose-envify-1.4.0.tgz 0ms (cache hit)
154 http cache lightningcss-win32-x64-msvc@https://registry.npmmirror.com/lightningcss-win32-x64-msvc/-/lightningcss-win32-x64-msvc-1.32.0.tgz 0ms (cache hit)
155 http cache locate-path@https://registry.npmmirror.com/locate-path/-/locate-path-6.0.0.tgz 0ms (cache hit)
156 http cache levn@https://registry.npmmirror.com/levn/-/levn-0.4.1.tgz 0ms (cache hit)
157 http cache lie@https://registry.npmmirror.com/lie/-/lie-3.3.0.tgz 0ms (cache hit)
158 http cache lodash.merge@https://registry.npmmirror.com/lodash.merge/-/lodash.merge-4.6.2.tgz 0ms (cache hit)
159 http cache language-tags@https://registry.npmmirror.com/language-tags/-/language-tags-1.0.9.tgz 0ms (cache hit)
160 http cache language-subtag-registry@https://registry.npmmirror.com/language-subtag-registry/-/language-subtag-registry-0.3.23.tgz 0ms (cache hit)
161 http cache keyv@https://registry.npmmirror.com/keyv/-/keyv-4.5.4.tgz 0ms (cache hit)
162 http cache jszip@https://registry.npmmirror.com/jszip/-/jszip-3.10.1.tgz 0ms (cache hit)
163 http cache jsx-ast-utils@https://registry.npmmirror.com/jsx-ast-utils/-/jsx-ast-utils-3.3.5.tgz 0ms (cache hit)
164 http cache json5@https://registry.npmmirror.com/json5/-/json5-2.2.3.tgz 0ms (cache hit)
165 http cache json-stable-stringify-without-jsonify@https://registry.npmmirror.com/json-stable-stringify-without-jsonify/-/json-stable-stringify-without-jsonify-1.0.1.tgz 0ms (cache hit)
166 http cache json-schema-traverse@https://registry.npmmirror.com/json-schema-traverse/-/json-schema-traverse-0.4.1.tgz 0ms (cache hit)
167 http cache json-buffer@https://registry.npmmirror.com/json-buffer/-/json-buffer-3.0.1.tgz 0ms (cache hit)
168 http cache js-yaml@https://registry.npmmirror.com/js-yaml/-/js-yaml-4.2.0.tgz 0ms (cache hit)
169 http cache jsesc@https://registry.npmmirror.com/jsesc/-/jsesc-3.1.0.tgz 1ms (cache hit)
170 http cache js-tokens@https://registry.npmmirror.com/js-tokens/-/js-tokens-4.0.0.tgz 0ms (cache hit)
171 http cache isexe@https://registry.npmmirror.com/isexe/-/isexe-2.0.0.tgz 0ms (cache hit)
172 http cache iterator.prototype@https://registry.npmmirror.com/iterator.prototype/-/iterator.prototype-1.1.5.tgz 0ms (cache hit)
173 http cache jiti@https://registry.npmmirror.com/jiti/-/jiti-2.7.0.tgz 0ms (cache hit)
174 http cache isarray@https://registry.npmmirror.com/isarray/-/isarray-2.0.5.tgz 0ms (cache hit)
175 http cache is-weakset@https://registry.npmmirror.com/is-weakset/-/is-weakset-2.0.4.tgz 0ms (cache hit)
176 http cache is-weakref@https://registry.npmmirror.com/is-weakref/-/is-weakref-1.1.1.tgz 0ms (cache hit)
177 http cache is-weakmap@https://registry.npmmirror.com/is-weakmap/-/is-weakmap-2.0.2.tgz 0ms (cache hit)
178 http cache is-typed-array@https://registry.npmmirror.com/is-typed-array/-/is-typed-array-1.1.15.tgz 0ms (cache hit)
179 http cache is-string@https://registry.npmmirror.com/is-string/-/is-string-1.1.1.tgz 0ms (cache hit)
180 http cache is-shared-array-buffer@https://registry.npmmirror.com/is-shared-array-buffer/-/is-shared-array-buffer-1.0.4.tgz 0ms (cache hit)
181 http cache is-set@https://registry.npmmirror.com/is-set/-/is-set-2.0.3.tgz 0ms (cache hit)
182 http cache is-regex@https://registry.npmmirror.com/is-regex/-/is-regex-1.2.1.tgz 0ms (cache hit)
183 http cache is-number-object@https://registry.npmmirror.com/is-number-object/-/is-number-object-1.1.1.tgz 0ms (cache hit)
184 http cache is-symbol@https://registry.npmmirror.com/is-symbol/-/is-symbol-1.1.1.tgz 0ms (cache hit)
185 http cache is-number@https://registry.npmmirror.com/is-number/-/is-number-7.0.0.tgz 0ms (cache hit)
186 http cache is-negative-zero@https://registry.npmmirror.com/is-negative-zero/-/is-negative-zero-2.0.3.tgz 0ms (cache hit)
187 http cache is-generator-function@https://registry.npmmirror.com/is-generator-function/-/is-generator-function-1.1.2.tgz 0ms (cache hit)
188 http cache is-map@https://registry.npmmirror.com/is-map/-/is-map-2.0.3.tgz 0ms (cache hit)
189 http cache is-finalizationregistry@https://registry.npmmirror.com/is-finalizationregistry/-/is-finalizationregistry-1.1.1.tgz 0ms (cache hit)
190 http cache is-extglob@https://registry.npmmirror.com/is-extglob/-/is-extglob-2.1.1.tgz 0ms (cache hit)
191 http cache is-date-object@https://registry.npmmirror.com/is-date-object/-/is-date-object-1.1.0.tgz 0ms (cache hit)
192 http cache is-glob@https://registry.npmmirror.com/is-glob/-/is-glob-4.0.3.tgz 0ms (cache hit)
193 http cache is-core-module@https://registry.npmmirror.com/is-core-module/-/is-core-module-2.16.2.tgz 0ms (cache hit)
194 http cache is-callable@https://registry.npmmirror.com/is-callable/-/is-callable-1.2.7.tgz 0ms (cache hit)
195 http cache is-bun-module@https://registry.npmmirror.com/is-bun-module/-/is-bun-module-2.0.0.tgz 0ms (cache hit)
196 http cache is-boolean-object@https://registry.npmmirror.com/is-boolean-object/-/is-boolean-object-1.2.2.tgz 0ms (cache hit)
197 http cache is-bigint@https://registry.npmmirror.com/is-bigint/-/is-bigint-1.1.0.tgz 0ms (cache hit)
198 http cache is-async-function@https://registry.npmmirror.com/is-async-function/-/is-async-function-2.1.1.tgz 0ms (cache hit)
199 http cache is-array-buffer@https://registry.npmmirror.com/is-array-buffer/-/is-array-buffer-3.0.5.tgz 0ms (cache hit)
200 http cache inherits@https://registry.npmmirror.com/inherits/-/inherits-2.0.4.tgz 0ms (cache hit)
201 http cache internal-slot@https://registry.npmmirror.com/internal-slot/-/internal-slot-1.1.0.tgz 0ms (cache hit)
202 http cache imurmurhash@https://registry.npmmirror.com/imurmurhash/-/imurmurhash-0.1.4.tgz 0ms (cache hit)
203 http cache immediate@https://registry.npmmirror.com/immediate/-/immediate-3.0.6.tgz 0ms (cache hit)
204 http cache is-data-view@https://registry.npmmirror.com/is-data-view/-/is-data-view-1.0.2.tgz 0ms (cache hit)
205 http cache ignore@https://registry.npmmirror.com/ignore/-/ignore-5.3.2.tgz 0ms (cache hit)
206 http cache hermes-estree@https://registry.npmmirror.com/hermes-estree/-/hermes-estree-0.25.1.tgz 0ms (cache hit)
207 http cache has-tostringtag@https://registry.npmmirror.com/has-tostringtag/-/has-tostringtag-1.0.2.tgz 0ms (cache hit)
208 http cache hasown@https://registry.npmmirror.com/hasown/-/hasown-2.0.4.tgz 1ms (cache hit)
209 http cache hermes-parser@https://registry.npmmirror.com/hermes-parser/-/hermes-parser-0.25.1.tgz 0ms (cache hit)
210 http cache has-symbols@https://registry.npmmirror.com/has-symbols/-/has-symbols-1.1.0.tgz 0ms (cache hit)
211 http cache has-proto@https://registry.npmmirror.com/has-proto/-/has-proto-1.2.0.tgz 0ms (cache hit)
212 http cache has-property-descriptors@https://registry.npmmirror.com/has-property-descriptors/-/has-property-descriptors-1.0.2.tgz 0ms (cache hit)
213 http cache has-flag@https://registry.npmmirror.com/has-flag/-/has-flag-4.0.0.tgz 0ms (cache hit)
214 http cache has-bigints@https://registry.npmmirror.com/has-bigints/-/has-bigints-1.1.0.tgz 0ms (cache hit)
215 http cache graceful-fs@https://registry.npmmirror.com/graceful-fs/-/graceful-fs-4.2.11.tgz 0ms (cache hit)
216 http cache gopd@https://registry.npmmirror.com/gopd/-/gopd-1.2.0.tgz 0ms (cache hit)
217 http cache globalthis@https://registry.npmmirror.com/globalthis/-/globalthis-1.0.4.tgz 0ms (cache hit)
218 http cache globals@https://registry.npmmirror.com/globals/-/globals-14.0.0.tgz 0ms (cache hit)
219 http cache glob-parent@https://registry.npmmirror.com/glob-parent/-/glob-parent-6.0.2.tgz 0ms (cache hit)
220 http cache get-tsconfig@https://registry.npmmirror.com/get-tsconfig/-/get-tsconfig-4.14.0.tgz 0ms (cache hit)
221 http cache get-proto@https://registry.npmmirror.com/get-proto/-/get-proto-1.0.1.tgz 0ms (cache hit)
222 http cache get-symbol-description@https://registry.npmmirror.com/get-symbol-description/-/get-symbol-description-1.1.0.tgz 0ms (cache hit)
223 http cache gensync@https://registry.npmmirror.com/gensync/-/gensync-1.0.0-beta.2.tgz 0ms (cache hit)
224 http cache functions-have-names@https://registry.npmmirror.com/functions-have-names/-/functions-have-names-1.2.3.tgz 0ms (cache hit)
225 http cache get-intrinsic@https://registry.npmmirror.com/get-intrinsic/-/get-intrinsic-1.3.0.tgz 0ms (cache hit)
226 http cache function.prototype.name@https://registry.npmmirror.com/function.prototype.name/-/function.prototype.name-1.1.8.tgz 0ms (cache hit)
227 http cache generator-function@https://registry.npmmirror.com/generator-function/-/generator-function-2.0.1.tgz 0ms (cache hit)
228 http cache frac@https://registry.npmmirror.com/frac/-/frac-1.1.2.tgz 0ms (cache hit)
229 http cache for-each@https://registry.npmmirror.com/for-each/-/for-each-0.3.5.tgz 0ms (cache hit)
230 http cache function-bind@https://registry.npmmirror.com/function-bind/-/function-bind-1.1.2.tgz 0ms (cache hit)
231 http cache flatted@https://registry.npmmirror.com/flatted/-/flatted-3.4.2.tgz 0ms (cache hit)
232 http cache flat-cache@https://registry.npmmirror.com/flat-cache/-/flat-cache-4.0.1.tgz 0ms (cache hit)
233 http cache file-entry-cache@https://registry.npmmirror.com/file-entry-cache/-/file-entry-cache-8.0.0.tgz 0ms (cache hit)
234 http cache fill-range@https://registry.npmmirror.com/fill-range/-/fill-range-7.1.1.tgz 0ms (cache hit)
235 http cache find-up@https://registry.npmmirror.com/find-up/-/find-up-5.0.0.tgz 0ms (cache hit)
236 http cache fastq@https://registry.npmmirror.com/fastq/-/fastq-1.20.1.tgz 0ms (cache hit)
237 http cache fast-levenshtein@https://registry.npmmirror.com/fast-levenshtein/-/fast-levenshtein-2.0.6.tgz 0ms (cache hit)
238 http cache fast-json-stable-stringify@https://registry.npmmirror.com/fast-json-stable-stringify/-/fast-json-stable-stringify-2.1.0.tgz 0ms (cache hit)
239 http cache fast-glob@https://registry.npmmirror.com/fast-glob/-/fast-glob-3.3.1.tgz 0ms (cache hit)
240 http cache fast-deep-equal@https://registry.npmmirror.com/fast-deep-equal/-/fast-deep-equal-3.1.3.tgz 0ms (cache hit)
241 http cache esutils@https://registry.npmmirror.com/esutils/-/esutils-2.0.3.tgz 0ms (cache hit)
242 http cache estraverse@https://registry.npmmirror.com/estraverse/-/estraverse-5.3.0.tgz 0ms (cache hit)
243 http cache eslint-visitor-keys@https://registry.npmmirror.com/eslint-visitor-keys/-/eslint-visitor-keys-4.2.1.tgz 0ms (cache hit)
244 http cache espree@https://registry.npmmirror.com/espree/-/espree-10.4.0.tgz 0ms (cache hit)
245 http cache esrecurse@https://registry.npmmirror.com/esrecurse/-/esrecurse-4.3.0.tgz 0ms (cache hit)
246 http cache esquery@https://registry.npmmirror.com/esquery/-/esquery-1.7.0.tgz 0ms (cache hit)
247 http cache eslint-scope@https://registry.npmmirror.com/eslint-scope/-/eslint-scope-8.4.0.tgz 0ms (cache hit)
248 http cache eslint-plugin-react-hooks@https://registry.npmmirror.com/eslint-plugin-react-hooks/-/eslint-plugin-react-hooks-7.1.1.tgz 0ms (cache hit)
249 http cache eslint-plugin-jsx-a11y@https://registry.npmmirror.com/eslint-plugin-jsx-a11y/-/eslint-plugin-jsx-a11y-6.10.2.tgz 0ms (cache hit)
250 http cache eslint-plugin-react@https://registry.npmmirror.com/eslint-plugin-react/-/eslint-plugin-react-7.37.5.tgz 0ms (cache hit)
251 http cache eslint-module-utils@https://registry.npmmirror.com/eslint-module-utils/-/eslint-module-utils-2.13.0.tgz 0ms (cache hit)
252 http cache eslint-plugin-import@https://registry.npmmirror.com/eslint-plugin-import/-/eslint-plugin-import-2.32.0.tgz 0ms (cache hit)
253 http cache eslint-import-resolver-node@https://registry.npmmirror.com/eslint-import-resolver-node/-/eslint-import-resolver-node-0.3.10.tgz 1ms (cache hit)
254 http cache eslint-import-resolver-typescript@https://registry.npmmirror.com/eslint-import-resolver-typescript/-/eslint-import-resolver-typescript-3.10.1.tgz 0ms (cache hit)
255 http cache eslint-config-next@https://registry.npmmirror.com/eslint-config-next/-/eslint-config-next-16.2.6.tgz 0ms (cache hit)
256 http cache eslint@https://registry.npmmirror.com/eslint/-/eslint-9.39.4.tgz 0ms (cache hit)
257 http cache escape-string-regexp@https://registry.npmmirror.com/escape-string-regexp/-/escape-string-regexp-4.0.0.tgz 0ms (cache hit)
258 http cache esbuild@https://registry.npmmirror.com/esbuild/-/esbuild-0.25.12.tgz 0ms (cache hit)
259 http cache escalade@https://registry.npmmirror.com/escalade/-/escalade-3.2.0.tgz 0ms (cache hit)
260 http cache es-to-primitive@https://registry.npmmirror.com/es-to-primitive/-/es-to-primitive-1.3.0.tgz 0ms (cache hit)
261 http cache es-set-tostringtag@https://registry.npmmirror.com/es-set-tostringtag/-/es-set-tostringtag-2.1.0.tgz 0ms (cache hit)
262 http cache es-shim-unscopables@https://registry.npmmirror.com/es-shim-unscopables/-/es-shim-unscopables-1.1.0.tgz 0ms (cache hit)
263 http cache es-object-atoms@https://registry.npmmirror.com/es-object-atoms/-/es-object-atoms-1.1.2.tgz 0ms (cache hit)
264 http cache es-iterator-helpers@https://registry.npmmirror.com/es-iterator-helpers/-/es-iterator-helpers-1.3.2.tgz 0ms (cache hit)
265 http cache es-errors@https://registry.npmmirror.com/es-errors/-/es-errors-1.3.0.tgz 0ms (cache hit)
266 http cache es-define-property@https://registry.npmmirror.com/es-define-property/-/es-define-property-1.0.1.tgz 0ms (cache hit)
267 http cache es-abstract@https://registry.npmmirror.com/es-abstract/-/es-abstract-1.24.2.tgz 0ms (cache hit)
268 http cache enhanced-resolve@https://registry.npmmirror.com/enhanced-resolve/-/enhanced-resolve-5.22.2.tgz 0ms (cache hit)
269 http cache emoji-regex@https://registry.npmmirror.com/emoji-regex/-/emoji-regex-9.2.2.tgz 0ms (cache hit)
270 http cache electron-to-chromium@https://registry.npmmirror.com/electron-to-chromium/-/electron-to-chromium-1.5.368.tgz 0ms (cache hit)
271 http cache duck@https://registry.npmmirror.com/duck/-/duck-0.1.12.tgz 0ms (cache hit)
272 http cache dunder-proto@https://registry.npmmirror.com/dunder-proto/-/dunder-proto-1.0.1.tgz 0ms (cache hit)
273 http cache drizzle-orm@https://registry.npmmirror.com/drizzle-orm/-/drizzle-orm-0.45.2.tgz 0ms (cache hit)
274 http cache drizzle-kit@https://registry.npmmirror.com/drizzle-kit/-/drizzle-kit-0.31.10.tgz 0ms (cache hit)
275 http cache dotenv@https://registry.npmmirror.com/dotenv/-/dotenv-17.4.2.tgz 0ms (cache hit)
276 http cache doctrine@https://registry.npmmirror.com/doctrine/-/doctrine-2.1.0.tgz 0ms (cache hit)
277 http cache dingbat-to-unicode@https://registry.npmmirror.com/dingbat-to-unicode/-/dingbat-to-unicode-1.0.1.tgz 0ms (cache hit)
278 http cache define-data-property@https://registry.npmmirror.com/define-data-property/-/define-data-property-1.1.4.tgz 0ms (cache hit)
279 http cache define-properties@https://registry.npmmirror.com/define-properties/-/define-properties-1.2.1.tgz 0ms (cache hit)
280 http cache deep-is@https://registry.npmmirror.com/deep-is/-/deep-is-0.1.4.tgz 0ms (cache hit)
281 http cache detect-libc@https://registry.npmmirror.com/detect-libc/-/detect-libc-2.1.2.tgz 0ms (cache hit)
282 http cache debug@https://registry.npmmirror.com/debug/-/debug-4.4.3.tgz 0ms (cache hit)
283 http cache data-view-byte-length@https://registry.npmmirror.com/data-view-byte-length/-/data-view-byte-length-1.0.2.tgz 0ms (cache hit)
284 http cache data-view-byte-offset@https://registry.npmmirror.com/data-view-byte-offset/-/data-view-byte-offset-1.0.1.tgz 0ms (cache hit)
285 http cache csstype@https://registry.npmmirror.com/csstype/-/csstype-3.2.3.tgz 0ms (cache hit)
286 http cache data-view-buffer@https://registry.npmmirror.com/data-view-buffer/-/data-view-buffer-1.0.2.tgz 0ms (cache hit)
287 http cache damerau-levenshtein@https://registry.npmmirror.com/damerau-levenshtein/-/damerau-levenshtein-1.0.8.tgz 0ms (cache hit)
288 http cache cross-spawn@https://registry.npmmirror.com/cross-spawn/-/cross-spawn-7.0.6.tgz 0ms (cache hit)
289 http cache crc-32@https://registry.npmmirror.com/crc-32/-/crc-32-1.2.2.tgz 0ms (cache hit)
290 http cache core-util-is@https://registry.npmmirror.com/core-util-is/-/core-util-is-1.0.3.tgz 0ms (cache hit)
291 http cache convert-source-map@https://registry.npmmirror.com/convert-source-map/-/convert-source-map-2.0.0.tgz 0ms (cache hit)
292 http cache concat-map@https://registry.npmmirror.com/concat-map/-/concat-map-0.0.1.tgz 0ms (cache hit)
293 http cache color-name@https://registry.npmmirror.com/color-name/-/color-name-1.1.4.tgz 0ms (cache hit)
294 http cache color-convert@https://registry.npmmirror.com/color-convert/-/color-convert-2.0.1.tgz 0ms (cache hit)
295 http cache codepage@https://registry.npmmirror.com/codepage/-/codepage-1.15.0.tgz 0ms (cache hit)
296 http cache client-only@https://registry.npmmirror.com/client-only/-/client-only-0.0.1.tgz 0ms (cache hit)
297 http cache clsx@https://registry.npmmirror.com/clsx/-/clsx-2.1.1.tgz 0ms (cache hit)
298 http cache class-variance-authority@https://registry.npmmirror.com/class-variance-authority/-/class-variance-authority-0.7.1.tgz 0ms (cache hit)
299 http cache chalk@https://registry.npmmirror.com/chalk/-/chalk-4.1.2.tgz 0ms (cache hit)
300 http cache cfb@https://registry.npmmirror.com/cfb/-/cfb-1.2.2.tgz 0ms (cache hit)
301 http cache caniuse-lite@https://registry.npmmirror.com/caniuse-lite/-/caniuse-lite-1.0.30001793.tgz 0ms (cache hit)
302 http cache callsites@https://registry.npmmirror.com/callsites/-/callsites-3.1.0.tgz 0ms (cache hit)
303 http cache call-bound@https://registry.npmmirror.com/call-bound/-/call-bound-1.0.4.tgz 0ms (cache hit)
304 http cache call-bind-apply-helpers@https://registry.npmmirror.com/call-bind-apply-helpers/-/call-bind-apply-helpers-1.0.2.tgz 0ms (cache hit)
305 http cache call-bind@https://registry.npmmirror.com/call-bind/-/call-bind-1.0.9.tgz 0ms (cache hit)
306 http cache buffer-from@https://registry.npmmirror.com/buffer-from/-/buffer-from-1.1.2.tgz 0ms (cache hit)
307 http cache browserslist@https://registry.npmmirror.com/browserslist/-/browserslist-4.28.2.tgz 0ms (cache hit)
308 http cache braces@https://registry.npmmirror.com/braces/-/braces-3.0.3.tgz 0ms (cache hit)
309 http cache brace-expansion@https://registry.npmmirror.com/brace-expansion/-/brace-expansion-1.1.15.tgz 0ms (cache hit)
310 http cache bluebird@https://registry.npmmirror.com/bluebird/-/bluebird-3.4.7.tgz 0ms (cache hit)
311 http cache baseline-browser-mapping@https://registry.npmmirror.com/baseline-browser-mapping/-/baseline-browser-mapping-2.10.33.tgz 0ms (cache hit)
312 http cache base64-js@https://registry.npmmirror.com/base64-js/-/base64-js-1.5.1.tgz 0ms (cache hit)
313 http cache balanced-match@https://registry.npmmirror.com/balanced-match/-/balanced-match-1.0.2.tgz 0ms (cache hit)
314 http cache axobject-query@https://registry.npmmirror.com/axobject-query/-/axobject-query-4.1.0.tgz 0ms (cache hit)
315 http cache import-fresh@https://registry.npmmirror.com/import-fresh/-/import-fresh-3.3.1.tgz 0ms (cache hit)
316 http cache axe-core@https://registry.npmmirror.com/axe-core/-/axe-core-4.12.0.tgz 0ms (cache hit)
317 http cache available-typed-arrays@https://registry.npmmirror.com/available-typed-arrays/-/available-typed-arrays-1.0.7.tgz 0ms (cache hit)
318 http cache async-function@https://registry.npmmirror.com/async-function/-/async-function-1.0.0.tgz 0ms (cache hit)
319 http cache array.prototype.flatmap@https://registry.npmmirror.com/array.prototype.flatmap/-/array.prototype.flatmap-1.3.3.tgz 0ms (cache hit)
320 http cache arraybuffer.prototype.slice@https://registry.npmmirror.com/arraybuffer.prototype.slice/-/arraybuffer.prototype.slice-1.0.4.tgz 0ms (cache hit)
321 http cache array.prototype.tosorted@https://registry.npmmirror.com/array.prototype.tosorted/-/array.prototype.tosorted-1.1.4.tgz 0ms (cache hit)
322 http cache array.prototype.findlastindex@https://registry.npmmirror.com/array.prototype.findlastindex/-/array.prototype.findlastindex-1.2.6.tgz 0ms (cache hit)
323 http cache ast-types-flow@https://registry.npmmirror.com/ast-types-flow/-/ast-types-flow-0.0.8.tgz 0ms (cache hit)
324 http cache array.prototype.flat@https://registry.npmmirror.com/array.prototype.flat/-/array.prototype.flat-1.3.3.tgz 0ms (cache hit)
325 http cache array-includes@https://registry.npmmirror.com/array-includes/-/array-includes-3.1.9.tgz 0ms (cache hit)
326 http cache array.prototype.findlast@https://registry.npmmirror.com/array.prototype.findlast/-/array.prototype.findlast-1.2.5.tgz 0ms (cache hit)
327 http cache array-buffer-byte-length@https://registry.npmmirror.com/array-buffer-byte-length/-/array-buffer-byte-length-1.0.2.tgz 0ms (cache hit)
328 http cache aria-query@https://registry.npmmirror.com/aria-query/-/aria-query-5.3.2.tgz 0ms (cache hit)
329 http cache argparse@https://registry.npmmirror.com/argparse/-/argparse-2.0.1.tgz 0ms (cache hit)
330 http cache ansi-styles@https://registry.npmmirror.com/ansi-styles/-/ansi-styles-4.3.0.tgz 0ms (cache hit)
331 http cache ajv@https://registry.npmmirror.com/ajv/-/ajv-6.15.0.tgz 0ms (cache hit)
332 http cache adler-32@https://registry.npmmirror.com/adler-32/-/adler-32-1.3.1.tgz 0ms (cache hit)
333 http cache acorn-jsx@https://registry.npmmirror.com/acorn-jsx/-/acorn-jsx-5.3.2.tgz 0ms (cache hit)
334 http cache acorn@https://registry.npmmirror.com/acorn/-/acorn-8.16.0.tgz 0ms (cache hit)
335 http cache @xmldom/xmldom@https://registry.npmmirror.com/@xmldom/xmldom/-/xmldom-0.8.13.tgz 0ms (cache hit)
336 http cache @unrs/resolver-binding-win32-x64-msvc@https://registry.npmmirror.com/@unrs/resolver-binding-win32-x64-msvc/-/resolver-binding-win32-x64-msvc-1.12.2.tgz 0ms (cache hit)
337 http cache @typescript-eslint/visitor-keys@https://registry.npmmirror.com/@typescript-eslint/visitor-keys/-/visitor-keys-8.60.1.tgz 0ms (cache hit)
338 http cache @typescript-eslint/utils@https://registry.npmmirror.com/@typescript-eslint/utils/-/utils-8.60.1.tgz 0ms (cache hit)
339 http cache @typescript-eslint/typescript-estree@https://registry.npmmirror.com/@typescript-eslint/typescript-estree/-/typescript-estree-8.60.1.tgz 0ms (cache hit)
340 http cache @typescript-eslint/types@https://registry.npmmirror.com/@typescript-eslint/types/-/types-8.60.1.tgz 0ms (cache hit)
341 http cache @typescript-eslint/tsconfig-utils@https://registry.npmmirror.com/@typescript-eslint/tsconfig-utils/-/tsconfig-utils-8.60.1.tgz 0ms (cache hit)
342 http cache @typescript-eslint/type-utils@https://registry.npmmirror.com/@typescript-eslint/type-utils/-/type-utils-8.60.1.tgz 0ms (cache hit)
343 http cache @typescript-eslint/scope-manager@https://registry.npmmirror.com/@typescript-eslint/scope-manager/-/scope-manager-8.60.1.tgz 0ms (cache hit)
344 http cache @typescript-eslint/project-service@https://registry.npmmirror.com/@typescript-eslint/project-service/-/project-service-8.60.1.tgz 0ms (cache hit)
345 http cache @typescript-eslint/parser@https://registry.npmmirror.com/@typescript-eslint/parser/-/parser-8.60.1.tgz 0ms (cache hit)
346 http cache @typescript-eslint/eslint-plugin@https://registry.npmmirror.com/@typescript-eslint/eslint-plugin/-/eslint-plugin-8.60.1.tgz 0ms (cache hit)
347 http cache @types/react-dom@https://registry.npmmirror.com/@types/react-dom/-/react-dom-19.2.3.tgz 0ms (cache hit)
348 http cache @types/pdfjs-dist@https://registry.npmmirror.com/@types/pdfjs-dist/-/pdfjs-dist-2.10.377.tgz 0ms (cache hit)
349 http cache @types/react@https://registry.npmmirror.com/@types/react/-/react-19.2.16.tgz 0ms (cache hit)
350 http cache @types/node@https://registry.npmmirror.com/@types/node/-/node-20.19.41.tgz 0ms (cache hit)
351 http cache @types/json5@https://registry.npmmirror.com/@types/json5/-/json5-0.0.29.tgz 0ms (cache hit)
352 http cache lightningcss@https://registry.npmmirror.com/lightningcss/-/lightningcss-1.32.0.tgz 0ms (cache hit)
353 http cache @types/json-schema@https://registry.npmmirror.com/@types/json-schema/-/json-schema-7.0.15.tgz 0ms (cache hit)
354 http cache @tailwindcss/postcss@https://registry.npmmirror.com/@tailwindcss/postcss/-/postcss-4.3.0.tgz 0ms (cache hit)
355 http cache @tailwindcss/oxide-win32-x64-msvc@https://registry.npmmirror.com/@tailwindcss/oxide-win32-x64-msvc/-/oxide-win32-x64-msvc-4.3.0.tgz 0ms (cache hit)
356 http cache @tybys/wasm-util@https://registry.npmmirror.com/@tybys/wasm-util/-/wasm-util-0.10.2.tgz 0ms (cache hit)
357 http cache @tanstack/virtual-core@https://registry.npmmirror.com/@tanstack/virtual-core/-/virtual-core-3.17.0.tgz 0ms (cache hit)
358 http cache @tanstack/react-virtual@https://registry.npmmirror.com/@tanstack/react-virtual/-/react-virtual-3.14.2.tgz 0ms (cache hit)
359 http cache @swc/helpers@https://registry.npmmirror.com/@swc/helpers/-/helpers-0.5.15.tgz 0ms (cache hit)
360 http cache @tailwindcss/oxide@https://registry.npmmirror.com/@tailwindcss/oxide/-/oxide-4.3.0.tgz 0ms (cache hit)
361 http cache @tailwindcss/node@https://registry.npmmirror.com/@tailwindcss/node/-/node-4.3.0.tgz 0ms (cache hit)
362 http cache @rtsao/scc@https://registry.npmmirror.com/@rtsao/scc/-/scc-1.1.0.tgz 0ms (cache hit)
363 http cache @nolyfill/is-core-module@https://registry.npmmirror.com/@nolyfill/is-core-module/-/is-core-module-1.0.39.tgz 0ms (cache hit)
364 http cache @nodelib/fs.walk@https://registry.npmmirror.com/@nodelib/fs.walk/-/fs.walk-1.2.8.tgz 0ms (cache hit)
365 http cache @nodelib/fs.stat@https://registry.npmmirror.com/@nodelib/fs.stat/-/fs.stat-2.0.5.tgz 0ms (cache hit)
366 http cache @next/swc-win32-x64-msvc@https://registry.npmmirror.com/@next/swc-win32-x64-msvc/-/swc-win32-x64-msvc-16.2.6.tgz 0ms (cache hit)
367 http cache @next/eslint-plugin-next@https://registry.npmmirror.com/@next/eslint-plugin-next/-/eslint-plugin-next-16.2.6.tgz 0ms (cache hit)
368 http cache @nodelib/fs.scandir@https://registry.npmmirror.com/@nodelib/fs.scandir/-/fs.scandir-2.1.5.tgz 0ms (cache hit)
369 http cache @neondatabase/serverless@https://registry.npmmirror.com/@neondatabase/serverless/-/serverless-1.1.0.tgz 0ms (cache hit)
370 http cache @jridgewell/trace-mapping@https://registry.npmmirror.com/@jridgewell/trace-mapping/-/trace-mapping-0.3.31.tgz 0ms (cache hit)
371 http cache @next/env@https://registry.npmmirror.com/@next/env/-/env-16.2.6.tgz 0ms (cache hit)
372 http cache @napi-rs/wasm-runtime@https://registry.npmmirror.com/@napi-rs/wasm-runtime/-/wasm-runtime-1.1.4.tgz 0ms (cache hit)
373 http cache @napi-rs/canvas@https://registry.npmmirror.com/@napi-rs/canvas/-/canvas-0.1.100.tgz 0ms (cache hit)
374 http cache @jridgewell/sourcemap-codec@https://registry.npmmirror.com/@jridgewell/sourcemap-codec/-/sourcemap-codec-1.5.5.tgz 0ms (cache hit)
375 http cache @jridgewell/remapping@https://registry.npmmirror.com/@jridgewell/remapping/-/remapping-2.3.5.tgz 0ms (cache hit)
376 http cache @img/sharp-win32-x64@https://registry.npmmirror.com/@img/sharp-win32-x64/-/sharp-win32-x64-0.34.5.tgz 0ms (cache hit)
377 http cache @jridgewell/gen-mapping@https://registry.npmmirror.com/@jridgewell/gen-mapping/-/gen-mapping-0.3.13.tgz 0ms (cache hit)
378 http cache @types/estree@https://registry.npmmirror.com/@types/estree/-/estree-1.0.9.tgz 0ms (cache hit)
379 http cache @jridgewell/resolve-uri@https://registry.npmmirror.com/@jridgewell/resolve-uri/-/resolve-uri-3.1.2.tgz 0ms (cache hit)
380 http cache @img/colour@https://registry.npmmirror.com/@img/colour/-/colour-1.1.0.tgz 0ms (cache hit)
381 http cache @humanwhocodes/module-importer@https://registry.npmmirror.com/@humanwhocodes/module-importer/-/module-importer-1.0.1.tgz 0ms (cache hit)
382 http cache @humanfs/node@https://registry.npmmirror.com/@humanfs/node/-/node-0.16.8.tgz 0ms (cache hit)
383 http cache @eslint/plugin-kit@https://registry.npmmirror.com/@eslint/plugin-kit/-/plugin-kit-0.4.1.tgz 0ms (cache hit)
384 http cache @humanwhocodes/retry@https://registry.npmmirror.com/@humanwhocodes/retry/-/retry-0.4.3.tgz 1ms (cache hit)
385 http cache @humanfs/types@https://registry.npmmirror.com/@humanfs/types/-/types-0.15.0.tgz 0ms (cache hit)
386 http cache @humanfs/core@https://registry.npmmirror.com/@humanfs/core/-/core-0.19.2.tgz 0ms (cache hit)
387 http cache @eslint/object-schema@https://registry.npmmirror.com/@eslint/object-schema/-/object-schema-2.1.7.tgz 0ms (cache hit)
388 http cache @eslint/js@https://registry.npmmirror.com/@eslint/js/-/js-9.39.4.tgz 0ms (cache hit)
389 http cache @eslint/core@https://registry.npmmirror.com/@eslint/core/-/core-0.17.0.tgz 0ms (cache hit)
390 http cache @eslint/eslintrc@https://registry.npmmirror.com/@eslint/eslintrc/-/eslintrc-3.3.5.tgz 0ms (cache hit)
391 http cache @eslint/config-helpers@https://registry.npmmirror.com/@eslint/config-helpers/-/config-helpers-0.4.2.tgz 0ms (cache hit)
392 http cache @napi-rs/canvas-win32-x64-msvc@https://registry.npmmirror.com/@napi-rs/canvas-win32-x64-msvc/-/canvas-win32-x64-msvc-0.1.100.tgz 0ms (cache hit)
393 http cache @esbuild-kit/esm-loader@https://registry.npmmirror.com/@esbuild-kit/esm-loader/-/esm-loader-2.6.5.tgz 1ms (cache hit)
394 http cache @esbuild-kit/core-utils@https://registry.npmmirror.com/@esbuild-kit/core-utils/-/core-utils-3.3.2.tgz 0ms (cache hit)
395 http cache @eslint-community/regexpp@https://registry.npmmirror.com/@eslint-community/regexpp/-/regexpp-4.12.2.tgz 0ms (cache hit)
396 http cache @emnapi/wasi-threads@https://registry.npmmirror.com/@emnapi/wasi-threads/-/wasi-threads-1.2.1.tgz 0ms (cache hit)
397 http cache @esbuild/win32-x64@https://registry.npmmirror.com/@esbuild/win32-x64/-/win32-x64-0.25.12.tgz 0ms (cache hit)
398 http cache @eslint/config-array@https://registry.npmmirror.com/@eslint/config-array/-/config-array-0.21.2.tgz 0ms (cache hit)
399 http cache @drizzle-team/brocli@https://registry.npmmirror.com/@drizzle-team/brocli/-/brocli-0.10.2.tgz 0ms (cache hit)
400 http cache @eslint-community/eslint-utils@https://registry.npmmirror.com/@eslint-community/eslint-utils/-/eslint-utils-4.9.1.tgz 0ms (cache hit)
401 http cache @babel/types@https://registry.npmmirror.com/@babel/types/-/types-7.29.7.tgz 0ms (cache hit)
402 http cache @emnapi/runtime@https://registry.npmmirror.com/@emnapi/runtime/-/runtime-1.10.0.tgz 0ms (cache hit)
403 http cache @babel/template@https://registry.npmmirror.com/@babel/template/-/template-7.29.7.tgz 0ms (cache hit)
404 http cache @emnapi/core@https://registry.npmmirror.com/@emnapi/core/-/core-1.10.0.tgz 0ms (cache hit)
405 http cache @babel/traverse@https://registry.npmmirror.com/@babel/traverse/-/traverse-7.29.7.tgz 0ms (cache hit)
406 http cache @babel/parser@https://registry.npmmirror.com/@babel/parser/-/parser-7.29.7.tgz 0ms (cache hit)
407 http cache @babel/helper-validator-option@https://registry.npmmirror.com/@babel/helper-validator-option/-/helper-validator-option-7.29.7.tgz 0ms (cache hit)
408 http cache @babel/helper-validator-identifier@https://registry.npmmirror.com/@babel/helper-validator-identifier/-/helper-validator-identifier-7.29.7.tgz 0ms (cache hit)
409 http cache @babel/helpers@https://registry.npmmirror.com/@babel/helpers/-/helpers-7.29.7.tgz 0ms (cache hit)
410 http cache @babel/helper-string-parser@https://registry.npmmirror.com/@babel/helper-string-parser/-/helper-string-parser-7.29.7.tgz 0ms (cache hit)
411 http cache @babel/helper-module-transforms@https://registry.npmmirror.com/@babel/helper-module-transforms/-/helper-module-transforms-7.29.7.tgz 0ms (cache hit)
412 http cache @babel/helper-module-imports@https://registry.npmmirror.com/@babel/helper-module-imports/-/helper-module-imports-7.29.7.tgz 0ms (cache hit)
413 http cache @babel/helper-globals@https://registry.npmmirror.com/@babel/helper-globals/-/helper-globals-7.29.7.tgz 0ms (cache hit)
414 http cache @babel/helper-compilation-targets@https://registry.npmmirror.com/@babel/helper-compilation-targets/-/helper-compilation-targets-7.29.7.tgz 0ms (cache hit)
415 http cache @babel/generator@https://registry.npmmirror.com/@babel/generator/-/generator-7.29.7.tgz 0ms (cache hit)
416 http cache @babel/core@https://registry.npmmirror.com/@babel/core/-/core-7.29.7.tgz 0ms (cache hit)
417 http cache @babel/compat-data@https://registry.npmmirror.com/@babel/compat-data/-/compat-data-7.29.7.tgz 0ms (cache hit)
418 http cache @babel/code-frame@https://registry.npmmirror.com/@babel/code-frame/-/code-frame-7.29.7.tgz 0ms (cache hit)
419 http cache @alloc/quick-lru@https://registry.npmmirror.com/@alloc/quick-lru/-/quick-lru-5.2.0.tgz 0ms (cache hit)
420 http cache esbuild@https://registry.npmmirror.com/esbuild/-/esbuild-0.28.0.tgz 0ms (cache hit)
421 http cache @esbuild/win32-x64@https://registry.npmmirror.com/@esbuild/win32-x64/-/win32-x64-0.28.0.tgz 0ms (cache hit)
422 http cache picomatch@https://registry.npmmirror.com/picomatch/-/picomatch-4.0.4.tgz 0ms (cache hit)
423 http cache fdir@https://registry.npmmirror.com/fdir/-/fdir-6.5.0.tgz 0ms (cache hit)
424 http cache json5@https://registry.npmmirror.com/json5/-/json5-1.0.2.tgz 0ms (cache hit)
425 http cache semver@https://registry.npmmirror.com/semver/-/semver-7.8.2.tgz 0ms (cache hit)
426 http cache isarray@https://registry.npmmirror.com/isarray/-/isarray-1.0.0.tgz 0ms (cache hit)
427 http cache argparse@https://registry.npmmirror.com/argparse/-/argparse-1.0.10.tgz 0ms (cache hit)
428 http cache postcss@https://registry.npmmirror.com/postcss/-/postcss-8.4.31.tgz 0ms (cache hit)
429 http cache semver@https://registry.npmmirror.com/semver/-/semver-7.8.2.tgz 0ms (cache hit)
430 http cache glob-parent@https://registry.npmmirror.com/glob-parent/-/glob-parent-5.1.2.tgz 0ms (cache hit)
431 http cache debug@https://registry.npmmirror.com/debug/-/debug-3.2.7.tgz 0ms (cache hit)
432 http cache debug@https://registry.npmmirror.com/debug/-/debug-3.2.7.tgz 0ms (cache hit)
433 http cache globals@https://registry.npmmirror.com/globals/-/globals-16.4.0.tgz 0ms (cache hit)
434 http cache debug@https://registry.npmmirror.com/debug/-/debug-3.2.7.tgz 0ms (cache hit)
435 http cache eslint-visitor-keys@https://registry.npmmirror.com/eslint-visitor-keys/-/eslint-visitor-keys-5.0.1.tgz 0ms (cache hit)
436 http cache minimatch@https://registry.npmmirror.com/minimatch/-/minimatch-10.2.5.tgz 0ms (cache hit)
437 http cache balanced-match@https://registry.npmmirror.com/balanced-match/-/balanced-match-4.0.4.tgz 0ms (cache hit)
438 http cache eslint-visitor-keys@https://registry.npmmirror.com/eslint-visitor-keys/-/eslint-visitor-keys-3.4.3.tgz 0ms (cache hit)
439 http cache ignore@https://registry.npmmirror.com/ignore/-/ignore-7.0.5.tgz 0ms (cache hit)
440 http cache esbuild@https://registry.npmmirror.com/esbuild/-/esbuild-0.18.20.tgz 0ms (cache hit)
441 http cache brace-expansion@https://registry.npmmirror.com/brace-expansion/-/brace-expansion-5.0.6.tgz 0ms (cache hit)
442 http cache semver@https://registry.npmmirror.com/semver/-/semver-7.8.2.tgz 0ms (cache hit)
443 silly tarball no local data for zustand@https://registry.npmmirror.com/zustand/-/zustand-5.0.14.tgz. Extracting by manifest.
444 silly tarball no local data for zod-validation-error@https://registry.npmmirror.com/zod-validation-error/-/zod-validation-error-4.0.2.tgz. Extracting by manifest.
445 silly tarball no local data for zod@https://registry.npmmirror.com/zod/-/zod-4.4.3.tgz. Extracting by manifest.
446 http cache @esbuild/win32-x64@https://registry.npmmirror.com/@esbuild/win32-x64/-/win32-x64-0.18.20.tgz 0ms (cache hit)
447 silly tarball no local data for yocto-queue@https://registry.npmmirror.com/yocto-queue/-/yocto-queue-0.1.0.tgz. Extracting by manifest.
448 silly tarball no local data for yallist@https://registry.npmmirror.com/yallist/-/yallist-3.1.1.tgz. Extracting by manifest.
449 silly tarball no local data for xlsx@https://registry.npmmirror.com/xlsx/-/xlsx-0.18.5.tgz. Extracting by manifest.
450 silly tarball no local data for xmlbuilder@https://registry.npmmirror.com/xmlbuilder/-/xmlbuilder-10.1.1.tgz. Extracting by manifest.
451 silly tarball no local data for word@https://registry.npmmirror.com/word/-/word-0.3.0.tgz. Extracting by manifest.
452 silly tarball no local data for which-typed-array@https://registry.npmmirror.com/which-typed-array/-/which-typed-array-1.1.21.tgz. Extracting by manifest.
453 silly tarball no local data for which-collection@https://registry.npmmirror.com/which-collection/-/which-collection-1.0.2.tgz. Extracting by manifest.
454 silly tarball no local data for which-builtin-type@https://registry.npmmirror.com/which-builtin-type/-/which-builtin-type-1.2.1.tgz. Extracting by manifest.
455 silly tarball no local data for wmf@https://registry.npmmirror.com/wmf/-/wmf-1.0.2.tgz. Extracting by manifest.
456 silly tarball no local data for word-wrap@https://registry.npmmirror.com/word-wrap/-/word-wrap-1.2.5.tgz. Extracting by manifest.
457 silly tarball no local data for which-boxed-primitive@https://registry.npmmirror.com/which-boxed-primitive/-/which-boxed-primitive-1.1.1.tgz. Extracting by manifest.
458 silly tarball no local data for which@https://registry.npmmirror.com/which/-/which-2.0.2.tgz. Extracting by manifest.
459 silly tarball no local data for update-browserslist-db@https://registry.npmmirror.com/update-browserslist-db/-/update-browserslist-db-1.2.3.tgz. Extracting by manifest.
460 silly tarball no local data for unrs-resolver@https://registry.npmmirror.com/unrs-resolver/-/unrs-resolver-1.12.2.tgz. Extracting by manifest.
461 silly tarball no local data for util-deprecate@https://registry.npmmirror.com/util-deprecate/-/util-deprecate-1.0.2.tgz. Extracting by manifest.
462 silly tarball no local data for underscore@https://registry.npmmirror.com/underscore/-/underscore-1.13.8.tgz. Extracting by manifest.
463 silly tarball no local data for undici-types@https://registry.npmmirror.com/undici-types/-/undici-types-6.21.0.tgz. Extracting by manifest.
464 silly tarball no local data for unbox-primitive@https://registry.npmmirror.com/unbox-primitive/-/unbox-primitive-1.1.0.tgz. Extracting by manifest.
465 silly tarball no local data for uri-js@https://registry.npmmirror.com/uri-js/-/uri-js-4.4.1.tgz. Extracting by manifest.
466 silly tarball no local data for typescript-eslint@https://registry.npmmirror.com/typescript-eslint/-/typescript-eslint-8.60.1.tgz. Extracting by manifest.
467 silly tarball no local data for typescript@https://registry.npmmirror.com/typescript/-/typescript-5.9.3.tgz. Extracting by manifest.
468 silly tarball no local data for typed-array-length@https://registry.npmmirror.com/typed-array-length/-/typed-array-length-1.0.8.tgz. Extracting by manifest.
469 silly tarball no local data for typed-array-byte-offset@https://registry.npmmirror.com/typed-array-byte-offset/-/typed-array-byte-offset-1.0.4.tgz. Extracting by manifest.
470 silly tarball no local data for typed-array-buffer@https://registry.npmmirror.com/typed-array-buffer/-/typed-array-buffer-1.0.3.tgz. Extracting by manifest.
471 silly tarball no local data for typed-array-byte-length@https://registry.npmmirror.com/typed-array-byte-length/-/typed-array-byte-length-1.0.3.tgz. Extracting by manifest.
472 silly tarball no local data for type-check@https://registry.npmmirror.com/type-check/-/type-check-0.4.0.tgz. Extracting by manifest.
473 silly tarball no local data for tsx@https://registry.npmmirror.com/tsx/-/tsx-4.22.4.tgz. Extracting by manifest.
474 silly tarball no local data for ts-api-utils@https://registry.npmmirror.com/ts-api-utils/-/ts-api-utils-2.5.0.tgz. Extracting by manifest.
475 silly tarball no local data for tslib@https://registry.npmmirror.com/tslib/-/tslib-2.8.1.tgz. Extracting by manifest.
476 silly tarball no local data for tsconfig-paths@https://registry.npmmirror.com/tsconfig-paths/-/tsconfig-paths-3.15.0.tgz. Extracting by manifest.
477 silly tarball no local data for to-regex-range@https://registry.npmmirror.com/to-regex-range/-/to-regex-range-5.0.1.tgz. Extracting by manifest.
478 silly tarball no local data for tailwindcss@https://registry.npmmirror.com/tailwindcss/-/tailwindcss-4.3.0.tgz. Extracting by manifest.
479 silly tarball no local data for tapable@https://registry.npmmirror.com/tapable/-/tapable-2.3.3.tgz. Extracting by manifest.
480 silly tarball no local data for tailwind-merge@https://registry.npmmirror.com/tailwind-merge/-/tailwind-merge-3.6.0.tgz. Extracting by manifest.
481 silly tarball no local data for supports-color@https://registry.npmmirror.com/supports-color/-/supports-color-7.2.0.tgz. Extracting by manifest.
482 silly tarball no local data for supports-preserve-symlinks-flag@https://registry.npmmirror.com/supports-preserve-symlinks-flag/-/supports-preserve-symlinks-flag-1.0.0.tgz. Extracting by manifest.
483 silly tarball no local data for styled-jsx@https://registry.npmmirror.com/styled-jsx/-/styled-jsx-5.1.6.tgz. Extracting by manifest.
484 silly tarball no local data for tinyglobby@https://registry.npmmirror.com/tinyglobby/-/tinyglobby-0.2.17.tgz. Extracting by manifest.
485 silly tarball no local data for strip-bom@https://registry.npmmirror.com/strip-bom/-/strip-bom-3.0.0.tgz. Extracting by manifest.
486 silly tarball no local data for strip-json-comments@https://registry.npmmirror.com/strip-json-comments/-/strip-json-comments-3.1.1.tgz. Extracting by manifest.
487 silly tarball no local data for string.prototype.trimstart@https://registry.npmmirror.com/string.prototype.trimstart/-/string.prototype.trimstart-1.0.8.tgz. Extracting by manifest.
488 silly tarball no local data for string.prototype.trimend@https://registry.npmmirror.com/string.prototype.trimend/-/string.prototype.trimend-1.0.9.tgz. Extracting by manifest.
489 silly tarball no local data for string.prototype.matchall@https://registry.npmmirror.com/string.prototype.matchall/-/string.prototype.matchall-4.0.12.tgz. Extracting by manifest.
490 silly tarball no local data for string.prototype.repeat@https://registry.npmmirror.com/string.prototype.repeat/-/string.prototype.repeat-1.0.0.tgz. Extracting by manifest.
491 silly tarball no local data for string.prototype.includes@https://registry.npmmirror.com/string.prototype.includes/-/string.prototype.includes-2.0.1.tgz. Extracting by manifest.
492 silly tarball no local data for string.prototype.trim@https://registry.npmmirror.com/string.prototype.trim/-/string.prototype.trim-1.2.10.tgz. Extracting by manifest.
493 silly tarball no local data for string_decoder@https://registry.npmmirror.com/string_decoder/-/string_decoder-1.1.1.tgz. Extracting by manifest.
494 silly tarball no local data for stop-iteration-iterator@https://registry.npmmirror.com/stop-iteration-iterator/-/stop-iteration-iterator-1.1.0.tgz. Extracting by manifest.
495 silly tarball no local data for ssf@https://registry.npmmirror.com/ssf/-/ssf-0.11.2.tgz. Extracting by manifest.
496 silly tarball no local data for stable-hash@https://registry.npmmirror.com/stable-hash/-/stable-hash-0.0.5.tgz. Extracting by manifest.
497 silly tarball no local data for source-map-support@https://registry.npmmirror.com/source-map-support/-/source-map-support-0.5.21.tgz. Extracting by manifest.
498 silly tarball no local data for sprintf-js@https://registry.npmmirror.com/sprintf-js/-/sprintf-js-1.0.3.tgz. Extracting by manifest.
499 silly tarball no local data for source-map-js@https://registry.npmmirror.com/source-map-js/-/source-map-js-1.2.1.tgz. Extracting by manifest.
500 silly tarball no local data for source-map@https://registry.npmmirror.com/source-map/-/source-map-0.6.1.tgz. Extracting by manifest.
501 silly tarball no local data for side-channel-map@https://registry.npmmirror.com/side-channel-map/-/side-channel-map-1.0.1.tgz. Extracting by manifest.
502 silly tarball no local data for side-channel-list@https://registry.npmmirror.com/side-channel-list/-/side-channel-list-1.0.1.tgz. Extracting by manifest.
503 silly tarball no local data for side-channel-weakmap@https://registry.npmmirror.com/side-channel-weakmap/-/side-channel-weakmap-1.0.2.tgz. Extracting by manifest.
504 silly tarball no local data for side-channel@https://registry.npmmirror.com/side-channel/-/side-channel-1.1.0.tgz. Extracting by manifest.
505 silly tarball no local data for shebang-regex@https://registry.npmmirror.com/shebang-regex/-/shebang-regex-3.0.0.tgz. Extracting by manifest.
506 silly tarball no local data for shebang-command@https://registry.npmmirror.com/shebang-command/-/shebang-command-2.0.0.tgz. Extracting by manifest.
507 silly tarball no local data for sharp@https://registry.npmmirror.com/sharp/-/sharp-0.34.5.tgz. Extracting by manifest.
508 silly tarball no local data for setimmediate@https://registry.npmmirror.com/setimmediate/-/setimmediate-1.0.5.tgz. Extracting by manifest.
509 silly tarball no local data for set-proto@https://registry.npmmirror.com/set-proto/-/set-proto-1.0.0.tgz. Extracting by manifest.
510 silly tarball no local data for set-function-name@https://registry.npmmirror.com/set-function-name/-/set-function-name-2.0.2.tgz. Extracting by manifest.
511 silly tarball no local data for semver@https://registry.npmmirror.com/semver/-/semver-6.3.1.tgz. Extracting by manifest.
512 silly tarball no local data for scheduler@https://registry.npmmirror.com/scheduler/-/scheduler-0.27.0.tgz. Extracting by manifest.
513 silly tarball no local data for set-function-length@https://registry.npmmirror.com/set-function-length/-/set-function-length-1.2.2.tgz. Extracting by manifest.
514 silly tarball no local data for safe-regex-test@https://registry.npmmirror.com/safe-regex-test/-/safe-regex-test-1.1.0.tgz. Extracting by manifest.
515 silly tarball no local data for safe-push-apply@https://registry.npmmirror.com/safe-push-apply/-/safe-push-apply-1.0.0.tgz. Extracting by manifest.
516 silly tarball no local data for safe-buffer@https://registry.npmmirror.com/safe-buffer/-/safe-buffer-5.1.2.tgz. Extracting by manifest.
517 silly tarball no local data for reusify@https://registry.npmmirror.com/reusify/-/reusify-1.1.0.tgz. Extracting by manifest.
518 silly tarball no local data for safe-array-concat@https://registry.npmmirror.com/safe-array-concat/-/safe-array-concat-1.1.4.tgz. Extracting by manifest.
519 silly tarball no local data for resolve-pkg-maps@https://registry.npmmirror.com/resolve-pkg-maps/-/resolve-pkg-maps-1.0.0.tgz. Extracting by manifest.
520 silly tarball no local data for run-parallel@https://registry.npmmirror.com/run-parallel/-/run-parallel-1.2.0.tgz. Extracting by manifest.
521 silly tarball no local data for resolve-from@https://registry.npmmirror.com/resolve-from/-/resolve-from-4.0.0.tgz. Extracting by manifest.
522 silly tarball no local data for resolve@https://registry.npmmirror.com/resolve/-/resolve-2.0.0-next.7.tgz. Extracting by manifest.
523 silly tarball no local data for regexp.prototype.flags@https://registry.npmmirror.com/regexp.prototype.flags/-/regexp.prototype.flags-1.5.4.tgz. Extracting by manifest.
524 silly tarball no local data for reflect.getprototypeof@https://registry.npmmirror.com/reflect.getprototypeof/-/reflect.getprototypeof-1.0.10.tgz. Extracting by manifest.
525 silly tarball no local data for readable-stream@https://registry.npmmirror.com/readable-stream/-/readable-stream-2.3.8.tgz. Extracting by manifest.
526 silly tarball no local data for react-is@https://registry.npmmirror.com/react-is/-/react-is-16.13.1.tgz. Extracting by manifest.
527 silly tarball no local data for react@https://registry.npmmirror.com/react/-/react-19.2.4.tgz. Extracting by manifest.
528 silly tarball no local data for react-dom@https://registry.npmmirror.com/react-dom/-/react-dom-19.2.4.tgz. Extracting by manifest.
529 silly tarball no local data for queue-microtask@https://registry.npmmirror.com/queue-microtask/-/queue-microtask-1.2.3.tgz. Extracting by manifest.
530 silly tarball no local data for punycode@https://registry.npmmirror.com/punycode/-/punycode-2.3.1.tgz. Extracting by manifest.
531 silly tarball no local data for prop-types@https://registry.npmmirror.com/prop-types/-/prop-types-15.8.1.tgz. Extracting by manifest.
532 silly tarball no local data for process-nextick-args@https://registry.npmmirror.com/process-nextick-args/-/process-nextick-args-2.0.1.tgz. Extracting by manifest.
533 silly tarball no local data for prelude-ls@https://registry.npmmirror.com/prelude-ls/-/prelude-ls-1.2.1.tgz. Extracting by manifest.
534 silly tarball no local data for possible-typed-array-names@https://registry.npmmirror.com/possible-typed-array-names/-/possible-typed-array-names-1.1.0.tgz. Extracting by manifest.
535 silly tarball no local data for postcss@https://registry.npmmirror.com/postcss/-/postcss-8.5.15.tgz. Extracting by manifest.
536 silly tarball no local data for picomatch@https://registry.npmmirror.com/picomatch/-/picomatch-2.3.2.tgz. Extracting by manifest.
537 silly tarball no local data for picocolors@https://registry.npmmirror.com/picocolors/-/picocolors-1.1.1.tgz. Extracting by manifest.
538 silly tarball no local data for pdfjs-dist@https://registry.npmmirror.com/pdfjs-dist/-/pdfjs-dist-4.10.38.tgz. Extracting by manifest.
539 silly tarball no local data for path-parse@https://registry.npmmirror.com/path-parse/-/path-parse-1.0.7.tgz. Extracting by manifest.
540 silly tarball no local data for path-is-absolute@https://registry.npmmirror.com/path-is-absolute/-/path-is-absolute-1.0.1.tgz. Extracting by manifest.
541 silly tarball no local data for path-key@https://registry.npmmirror.com/path-key/-/path-key-3.1.1.tgz. Extracting by manifest.
542 silly tarball no local data for path-exists@https://registry.npmmirror.com/path-exists/-/path-exists-4.0.0.tgz. Extracting by manifest.
543 silly tarball no local data for parent-module@https://registry.npmmirror.com/parent-module/-/parent-module-1.0.1.tgz. Extracting by manifest.
544 silly tarball no local data for pako@https://registry.npmmirror.com/pako/-/pako-1.0.11.tgz. Extracting by manifest.
545 silly tarball no local data for p-locate@https://registry.npmmirror.com/p-locate/-/p-locate-5.0.0.tgz. Extracting by manifest.
546 silly tarball no local data for p-limit@https://registry.npmmirror.com/p-limit/-/p-limit-3.1.0.tgz. Extracting by manifest.
547 silly tarball no local data for own-keys@https://registry.npmmirror.com/own-keys/-/own-keys-1.0.1.tgz. Extracting by manifest.
548 silly tarball no local data for optionator@https://registry.npmmirror.com/optionator/-/optionator-0.9.4.tgz. Extracting by manifest.
549 silly tarball no local data for option@https://registry.npmmirror.com/option/-/option-0.2.4.tgz. Extracting by manifest.
550 silly tarball no local data for object.values@https://registry.npmmirror.com/object.values/-/object.values-1.2.1.tgz. Extracting by manifest.
551 silly tarball no local data for object.entries@https://registry.npmmirror.com/object.entries/-/object.entries-1.1.9.tgz. Extracting by manifest.
552 silly tarball no local data for object-keys@https://registry.npmmirror.com/object-keys/-/object-keys-1.1.1.tgz. Extracting by manifest.
553 silly tarball no local data for object.fromentries@https://registry.npmmirror.com/object.fromentries/-/object.fromentries-2.0.8.tgz. Extracting by manifest.
554 silly tarball no local data for object.assign@https://registry.npmmirror.com/object.assign/-/object.assign-4.1.7.tgz. Extracting by manifest.
555 silly tarball no local data for object.groupby@https://registry.npmmirror.com/object.groupby/-/object.groupby-1.0.3.tgz. Extracting by manifest.
556 silly tarball no local data for object-inspect@https://registry.npmmirror.com/object-inspect/-/object-inspect-1.13.4.tgz. Extracting by manifest.
557 silly tarball no local data for object-assign@https://registry.npmmirror.com/object-assign/-/object-assign-4.1.1.tgz. Extracting by manifest.
558 silly tarball no local data for node-exports-info@https://registry.npmmirror.com/node-exports-info/-/node-exports-info-1.6.0.tgz. Extracting by manifest.
559 silly tarball no local data for node-releases@https://registry.npmmirror.com/node-releases/-/node-releases-2.0.47.tgz. Extracting by manifest.
560 silly tarball no local data for next@https://registry.npmmirror.com/next/-/next-16.2.6.tgz. Extracting by manifest.
561 silly tarball no local data for natural-compare@https://registry.npmmirror.com/natural-compare/-/natural-compare-1.4.0.tgz. Extracting by manifest.
562 silly tarball no local data for nanoid@https://registry.npmmirror.com/nanoid/-/nanoid-3.3.12.tgz. Extracting by manifest.
563 silly tarball no local data for ms@https://registry.npmmirror.com/ms/-/ms-2.1.3.tgz. Extracting by manifest.
564 silly tarball no local data for napi-postinstall@https://registry.npmmirror.com/napi-postinstall/-/napi-postinstall-0.3.4.tgz. Extracting by manifest.
565 silly tarball no local data for minimist@https://registry.npmmirror.com/minimist/-/minimist-1.2.8.tgz. Extracting by manifest.
566 silly tarball no local data for minimatch@https://registry.npmmirror.com/minimatch/-/minimatch-3.1.5.tgz. Extracting by manifest.
567 silly tarball no local data for micromatch@https://registry.npmmirror.com/micromatch/-/micromatch-4.0.8.tgz. Extracting by manifest.
568 silly tarball no local data for merge2@https://registry.npmmirror.com/merge2/-/merge2-1.4.1.tgz. Extracting by manifest.
569 silly tarball no local data for math-intrinsics@https://registry.npmmirror.com/math-intrinsics/-/math-intrinsics-1.1.0.tgz. Extracting by manifest.
570 silly tarball no local data for mammoth@https://registry.npmmirror.com/mammoth/-/mammoth-1.12.0.tgz. Extracting by manifest.
571 silly tarball no local data for magic-string@https://registry.npmmirror.com/magic-string/-/magic-string-0.30.21.tgz. Extracting by manifest.
572 silly tarball no local data for lucide-react@https://registry.npmmirror.com/lucide-react/-/lucide-react-1.17.0.tgz. Extracting by manifest.
573 silly tarball no local data for lru-cache@https://registry.npmmirror.com/lru-cache/-/lru-cache-5.1.1.tgz. Extracting by manifest.
574 silly tarball no local data for lop@https://registry.npmmirror.com/lop/-/lop-0.4.2.tgz. Extracting by manifest.
575 silly tarball no local data for loose-envify@https://registry.npmmirror.com/loose-envify/-/loose-envify-1.4.0.tgz. Extracting by manifest.
576 silly tarball no local data for lightningcss-win32-x64-msvc@https://registry.npmmirror.com/lightningcss-win32-x64-msvc/-/lightningcss-win32-x64-msvc-1.32.0.tgz. Extracting by manifest.
577 silly tarball no local data for locate-path@https://registry.npmmirror.com/locate-path/-/locate-path-6.0.0.tgz. Extracting by manifest.
578 silly tarball no local data for levn@https://registry.npmmirror.com/levn/-/levn-0.4.1.tgz. Extracting by manifest.
579 silly tarball no local data for lie@https://registry.npmmirror.com/lie/-/lie-3.3.0.tgz. Extracting by manifest.
580 silly tarball no local data for lodash.merge@https://registry.npmmirror.com/lodash.merge/-/lodash.merge-4.6.2.tgz. Extracting by manifest.
581 silly tarball no local data for language-tags@https://registry.npmmirror.com/language-tags/-/language-tags-1.0.9.tgz. Extracting by manifest.
582 silly tarball no local data for language-subtag-registry@https://registry.npmmirror.com/language-subtag-registry/-/language-subtag-registry-0.3.23.tgz. Extracting by manifest.
583 silly tarball no local data for keyv@https://registry.npmmirror.com/keyv/-/keyv-4.5.4.tgz. Extracting by manifest.
584 silly tarball no local data for jszip@https://registry.npmmirror.com/jszip/-/jszip-3.10.1.tgz. Extracting by manifest.
585 silly tarball no local data for jsx-ast-utils@https://registry.npmmirror.com/jsx-ast-utils/-/jsx-ast-utils-3.3.5.tgz. Extracting by manifest.
586 silly tarball no local data for json5@https://registry.npmmirror.com/json5/-/json5-2.2.3.tgz. Extracting by manifest.
587 silly tarball no local data for json-stable-stringify-without-jsonify@https://registry.npmmirror.com/json-stable-stringify-without-jsonify/-/json-stable-stringify-without-jsonify-1.0.1.tgz. Extracting by manifest.
588 silly tarball no local data for json-schema-traverse@https://registry.npmmirror.com/json-schema-traverse/-/json-schema-traverse-0.4.1.tgz. Extracting by manifest.
589 silly tarball no local data for json-buffer@https://registry.npmmirror.com/json-buffer/-/json-buffer-3.0.1.tgz. Extracting by manifest.
590 silly tarball no local data for js-yaml@https://registry.npmmirror.com/js-yaml/-/js-yaml-4.2.0.tgz. Extracting by manifest.
591 silly tarball no local data for jsesc@https://registry.npmmirror.com/jsesc/-/jsesc-3.1.0.tgz. Extracting by manifest.
592 silly tarball no local data for js-tokens@https://registry.npmmirror.com/js-tokens/-/js-tokens-4.0.0.tgz. Extracting by manifest.
593 silly tarball no local data for isexe@https://registry.npmmirror.com/isexe/-/isexe-2.0.0.tgz. Extracting by manifest.
594 silly tarball no local data for iterator.prototype@https://registry.npmmirror.com/iterator.prototype/-/iterator.prototype-1.1.5.tgz. Extracting by manifest.
595 silly tarball no local data for jiti@https://registry.npmmirror.com/jiti/-/jiti-2.7.0.tgz. Extracting by manifest.
596 silly tarball no local data for isarray@https://registry.npmmirror.com/isarray/-/isarray-2.0.5.tgz. Extracting by manifest.
597 silly tarball no local data for is-weakset@https://registry.npmmirror.com/is-weakset/-/is-weakset-2.0.4.tgz. Extracting by manifest.
598 silly tarball no local data for is-weakref@https://registry.npmmirror.com/is-weakref/-/is-weakref-1.1.1.tgz. Extracting by manifest.
599 silly tarball no local data for is-weakmap@https://registry.npmmirror.com/is-weakmap/-/is-weakmap-2.0.2.tgz. Extracting by manifest.
600 silly tarball no local data for is-typed-array@https://registry.npmmirror.com/is-typed-array/-/is-typed-array-1.1.15.tgz. Extracting by manifest.
601 silly tarball no local data for is-string@https://registry.npmmirror.com/is-string/-/is-string-1.1.1.tgz. Extracting by manifest.
602 silly tarball no local data for is-shared-array-buffer@https://registry.npmmirror.com/is-shared-array-buffer/-/is-shared-array-buffer-1.0.4.tgz. Extracting by manifest.
603 silly tarball no local data for is-set@https://registry.npmmirror.com/is-set/-/is-set-2.0.3.tgz. Extracting by manifest.
604 silly tarball no local data for is-regex@https://registry.npmmirror.com/is-regex/-/is-regex-1.2.1.tgz. Extracting by manifest.
605 silly tarball no local data for is-number-object@https://registry.npmmirror.com/is-number-object/-/is-number-object-1.1.1.tgz. Extracting by manifest.
606 silly tarball no local data for is-symbol@https://registry.npmmirror.com/is-symbol/-/is-symbol-1.1.1.tgz. Extracting by manifest.
607 silly tarball no local data for is-number@https://registry.npmmirror.com/is-number/-/is-number-7.0.0.tgz. Extracting by manifest.
608 silly tarball no local data for is-negative-zero@https://registry.npmmirror.com/is-negative-zero/-/is-negative-zero-2.0.3.tgz. Extracting by manifest.
609 silly tarball no local data for is-generator-function@https://registry.npmmirror.com/is-generator-function/-/is-generator-function-1.1.2.tgz. Extracting by manifest.
610 silly tarball no local data for is-map@https://registry.npmmirror.com/is-map/-/is-map-2.0.3.tgz. Extracting by manifest.
611 silly tarball no local data for is-finalizationregistry@https://registry.npmmirror.com/is-finalizationregistry/-/is-finalizationregistry-1.1.1.tgz. Extracting by manifest.
612 silly tarball no local data for is-extglob@https://registry.npmmirror.com/is-extglob/-/is-extglob-2.1.1.tgz. Extracting by manifest.
613 silly tarball no local data for is-date-object@https://registry.npmmirror.com/is-date-object/-/is-date-object-1.1.0.tgz. Extracting by manifest.
614 silly tarball no local data for is-glob@https://registry.npmmirror.com/is-glob/-/is-glob-4.0.3.tgz. Extracting by manifest.
615 silly tarball no local data for is-core-module@https://registry.npmmirror.com/is-core-module/-/is-core-module-2.16.2.tgz. Extracting by manifest.
616 silly tarball no local data for is-callable@https://registry.npmmirror.com/is-callable/-/is-callable-1.2.7.tgz. Extracting by manifest.
617 silly tarball no local data for is-bun-module@https://registry.npmmirror.com/is-bun-module/-/is-bun-module-2.0.0.tgz. Extracting by manifest.
618 silly tarball no local data for is-boolean-object@https://registry.npmmirror.com/is-boolean-object/-/is-boolean-object-1.2.2.tgz. Extracting by manifest.
619 silly tarball no local data for is-bigint@https://registry.npmmirror.com/is-bigint/-/is-bigint-1.1.0.tgz. Extracting by manifest.
620 silly tarball no local data for is-async-function@https://registry.npmmirror.com/is-async-function/-/is-async-function-2.1.1.tgz. Extracting by manifest.
621 silly tarball no local data for is-array-buffer@https://registry.npmmirror.com/is-array-buffer/-/is-array-buffer-3.0.5.tgz. Extracting by manifest.
622 silly tarball no local data for inherits@https://registry.npmmirror.com/inherits/-/inherits-2.0.4.tgz. Extracting by manifest.
623 silly tarball no local data for internal-slot@https://registry.npmmirror.com/internal-slot/-/internal-slot-1.1.0.tgz. Extracting by manifest.
624 silly tarball no local data for imurmurhash@https://registry.npmmirror.com/imurmurhash/-/imurmurhash-0.1.4.tgz. Extracting by manifest.
625 silly tarball no local data for immediate@https://registry.npmmirror.com/immediate/-/immediate-3.0.6.tgz. Extracting by manifest.
626 silly tarball no local data for is-data-view@https://registry.npmmirror.com/is-data-view/-/is-data-view-1.0.2.tgz. Extracting by manifest.
627 silly tarball no local data for ignore@https://registry.npmmirror.com/ignore/-/ignore-5.3.2.tgz. Extracting by manifest.
628 silly tarball no local data for hermes-estree@https://registry.npmmirror.com/hermes-estree/-/hermes-estree-0.25.1.tgz. Extracting by manifest.
629 silly tarball no local data for has-tostringtag@https://registry.npmmirror.com/has-tostringtag/-/has-tostringtag-1.0.2.tgz. Extracting by manifest.
630 silly tarball no local data for hasown@https://registry.npmmirror.com/hasown/-/hasown-2.0.4.tgz. Extracting by manifest.
631 silly tarball no local data for hermes-parser@https://registry.npmmirror.com/hermes-parser/-/hermes-parser-0.25.1.tgz. Extracting by manifest.
632 silly tarball no local data for has-symbols@https://registry.npmmirror.com/has-symbols/-/has-symbols-1.1.0.tgz. Extracting by manifest.
633 silly tarball no local data for has-proto@https://registry.npmmirror.com/has-proto/-/has-proto-1.2.0.tgz. Extracting by manifest.
634 silly tarball no local data for has-property-descriptors@https://registry.npmmirror.com/has-property-descriptors/-/has-property-descriptors-1.0.2.tgz. Extracting by manifest.
635 silly tarball no local data for has-flag@https://registry.npmmirror.com/has-flag/-/has-flag-4.0.0.tgz. Extracting by manifest.
636 silly tarball no local data for has-bigints@https://registry.npmmirror.com/has-bigints/-/has-bigints-1.1.0.tgz. Extracting by manifest.
637 silly tarball no local data for graceful-fs@https://registry.npmmirror.com/graceful-fs/-/graceful-fs-4.2.11.tgz. Extracting by manifest.
638 silly tarball no local data for gopd@https://registry.npmmirror.com/gopd/-/gopd-1.2.0.tgz. Extracting by manifest.
639 silly tarball no local data for globalthis@https://registry.npmmirror.com/globalthis/-/globalthis-1.0.4.tgz. Extracting by manifest.
640 silly tarball no local data for globals@https://registry.npmmirror.com/globals/-/globals-14.0.0.tgz. Extracting by manifest.
641 silly tarball no local data for glob-parent@https://registry.npmmirror.com/glob-parent/-/glob-parent-6.0.2.tgz. Extracting by manifest.
642 silly tarball no local data for get-tsconfig@https://registry.npmmirror.com/get-tsconfig/-/get-tsconfig-4.14.0.tgz. Extracting by manifest.
643 silly tarball no local data for get-proto@https://registry.npmmirror.com/get-proto/-/get-proto-1.0.1.tgz. Extracting by manifest.
644 silly tarball no local data for get-symbol-description@https://registry.npmmirror.com/get-symbol-description/-/get-symbol-description-1.1.0.tgz. Extracting by manifest.
645 silly tarball no local data for gensync@https://registry.npmmirror.com/gensync/-/gensync-1.0.0-beta.2.tgz. Extracting by manifest.
646 silly tarball no local data for functions-have-names@https://registry.npmmirror.com/functions-have-names/-/functions-have-names-1.2.3.tgz. Extracting by manifest.
647 silly tarball no local data for get-intrinsic@https://registry.npmmirror.com/get-intrinsic/-/get-intrinsic-1.3.0.tgz. Extracting by manifest.
648 silly tarball no local data for function.prototype.name@https://registry.npmmirror.com/function.prototype.name/-/function.prototype.name-1.1.8.tgz. Extracting by manifest.
649 silly tarball no local data for generator-function@https://registry.npmmirror.com/generator-function/-/generator-function-2.0.1.tgz. Extracting by manifest.
650 silly tarball no local data for frac@https://registry.npmmirror.com/frac/-/frac-1.1.2.tgz. Extracting by manifest.
651 silly tarball no local data for for-each@https://registry.npmmirror.com/for-each/-/for-each-0.3.5.tgz. Extracting by manifest.
652 silly tarball no local data for function-bind@https://registry.npmmirror.com/function-bind/-/function-bind-1.1.2.tgz. Extracting by manifest.
653 silly tarball no local data for flatted@https://registry.npmmirror.com/flatted/-/flatted-3.4.2.tgz. Extracting by manifest.
654 silly tarball no local data for flat-cache@https://registry.npmmirror.com/flat-cache/-/flat-cache-4.0.1.tgz. Extracting by manifest.
655 silly tarball no local data for file-entry-cache@https://registry.npmmirror.com/file-entry-cache/-/file-entry-cache-8.0.0.tgz. Extracting by manifest.
656 silly tarball no local data for fill-range@https://registry.npmmirror.com/fill-range/-/fill-range-7.1.1.tgz. Extracting by manifest.
657 silly tarball no local data for find-up@https://registry.npmmirror.com/find-up/-/find-up-5.0.0.tgz. Extracting by manifest.
658 silly tarball no local data for fastq@https://registry.npmmirror.com/fastq/-/fastq-1.20.1.tgz. Extracting by manifest.
659 silly tarball no local data for fast-levenshtein@https://registry.npmmirror.com/fast-levenshtein/-/fast-levenshtein-2.0.6.tgz. Extracting by manifest.
660 silly tarball no local data for fast-json-stable-stringify@https://registry.npmmirror.com/fast-json-stable-stringify/-/fast-json-stable-stringify-2.1.0.tgz. Extracting by manifest.
661 silly tarball no local data for fast-glob@https://registry.npmmirror.com/fast-glob/-/fast-glob-3.3.1.tgz. Extracting by manifest.
662 silly tarball no local data for fast-deep-equal@https://registry.npmmirror.com/fast-deep-equal/-/fast-deep-equal-3.1.3.tgz. Extracting by manifest.
663 silly tarball no local data for esutils@https://registry.npmmirror.com/esutils/-/esutils-2.0.3.tgz. Extracting by manifest.
664 silly tarball no local data for estraverse@https://registry.npmmirror.com/estraverse/-/estraverse-5.3.0.tgz. Extracting by manifest.
665 silly tarball no local data for eslint-visitor-keys@https://registry.npmmirror.com/eslint-visitor-keys/-/eslint-visitor-keys-4.2.1.tgz. Extracting by manifest.
666 silly tarball no local data for espree@https://registry.npmmirror.com/espree/-/espree-10.4.0.tgz. Extracting by manifest.
667 silly tarball no local data for esrecurse@https://registry.npmmirror.com/esrecurse/-/esrecurse-4.3.0.tgz. Extracting by manifest.
668 silly tarball no local data for esquery@https://registry.npmmirror.com/esquery/-/esquery-1.7.0.tgz. Extracting by manifest.
669 silly tarball no local data for eslint-scope@https://registry.npmmirror.com/eslint-scope/-/eslint-scope-8.4.0.tgz. Extracting by manifest.
670 silly tarball no local data for eslint-plugin-react-hooks@https://registry.npmmirror.com/eslint-plugin-react-hooks/-/eslint-plugin-react-hooks-7.1.1.tgz. Extracting by manifest.
671 silly tarball no local data for eslint-plugin-jsx-a11y@https://registry.npmmirror.com/eslint-plugin-jsx-a11y/-/eslint-plugin-jsx-a11y-6.10.2.tgz. Extracting by manifest.
672 silly tarball no local data for eslint-plugin-react@https://registry.npmmirror.com/eslint-plugin-react/-/eslint-plugin-react-7.37.5.tgz. Extracting by manifest.
673 silly tarball no local data for eslint-module-utils@https://registry.npmmirror.com/eslint-module-utils/-/eslint-module-utils-2.13.0.tgz. Extracting by manifest.
674 silly tarball no local data for eslint-plugin-import@https://registry.npmmirror.com/eslint-plugin-import/-/eslint-plugin-import-2.32.0.tgz. Extracting by manifest.
675 silly tarball no local data for eslint-import-resolver-node@https://registry.npmmirror.com/eslint-import-resolver-node/-/eslint-import-resolver-node-0.3.10.tgz. Extracting by manifest.
676 silly tarball no local data for eslint-import-resolver-typescript@https://registry.npmmirror.com/eslint-import-resolver-typescript/-/eslint-import-resolver-typescript-3.10.1.tgz. Extracting by manifest.
677 silly tarball no local data for eslint-config-next@https://registry.npmmirror.com/eslint-config-next/-/eslint-config-next-16.2.6.tgz. Extracting by manifest.
678 silly tarball no local data for eslint@https://registry.npmmirror.com/eslint/-/eslint-9.39.4.tgz. Extracting by manifest.
679 silly tarball no local data for escape-string-regexp@https://registry.npmmirror.com/escape-string-regexp/-/escape-string-regexp-4.0.0.tgz. Extracting by manifest.
680 silly tarball no local data for esbuild@https://registry.npmmirror.com/esbuild/-/esbuild-0.25.12.tgz. Extracting by manifest.
681 silly tarball no local data for escalade@https://registry.npmmirror.com/escalade/-/escalade-3.2.0.tgz. Extracting by manifest.
682 silly tarball no local data for es-to-primitive@https://registry.npmmirror.com/es-to-primitive/-/es-to-primitive-1.3.0.tgz. Extracting by manifest.
683 silly tarball no local data for es-set-tostringtag@https://registry.npmmirror.com/es-set-tostringtag/-/es-set-tostringtag-2.1.0.tgz. Extracting by manifest.
684 silly tarball no local data for es-shim-unscopables@https://registry.npmmirror.com/es-shim-unscopables/-/es-shim-unscopables-1.1.0.tgz. Extracting by manifest.
685 silly tarball no local data for es-object-atoms@https://registry.npmmirror.com/es-object-atoms/-/es-object-atoms-1.1.2.tgz. Extracting by manifest.
686 silly tarball no local data for es-iterator-helpers@https://registry.npmmirror.com/es-iterator-helpers/-/es-iterator-helpers-1.3.2.tgz. Extracting by manifest.
687 silly tarball no local data for es-errors@https://registry.npmmirror.com/es-errors/-/es-errors-1.3.0.tgz. Extracting by manifest.
688 silly tarball no local data for es-define-property@https://registry.npmmirror.com/es-define-property/-/es-define-property-1.0.1.tgz. Extracting by manifest.
689 silly tarball no local data for es-abstract@https://registry.npmmirror.com/es-abstract/-/es-abstract-1.24.2.tgz. Extracting by manifest.
690 silly tarball no local data for enhanced-resolve@https://registry.npmmirror.com/enhanced-resolve/-/enhanced-resolve-5.22.2.tgz. Extracting by manifest.
691 silly tarball no local data for emoji-regex@https://registry.npmmirror.com/emoji-regex/-/emoji-regex-9.2.2.tgz. Extracting by manifest.
692 silly tarball no local data for electron-to-chromium@https://registry.npmmirror.com/electron-to-chromium/-/electron-to-chromium-1.5.368.tgz. Extracting by manifest.
693 silly tarball no local data for duck@https://registry.npmmirror.com/duck/-/duck-0.1.12.tgz. Extracting by manifest.
694 silly tarball no local data for dunder-proto@https://registry.npmmirror.com/dunder-proto/-/dunder-proto-1.0.1.tgz. Extracting by manifest.
695 silly tarball no local data for drizzle-orm@https://registry.npmmirror.com/drizzle-orm/-/drizzle-orm-0.45.2.tgz. Extracting by manifest.
696 silly tarball no local data for drizzle-kit@https://registry.npmmirror.com/drizzle-kit/-/drizzle-kit-0.31.10.tgz. Extracting by manifest.
697 silly tarball no local data for dotenv@https://registry.npmmirror.com/dotenv/-/dotenv-17.4.2.tgz. Extracting by manifest.
698 silly tarball no local data for doctrine@https://registry.npmmirror.com/doctrine/-/doctrine-2.1.0.tgz. Extracting by manifest.
699 silly tarball no local data for dingbat-to-unicode@https://registry.npmmirror.com/dingbat-to-unicode/-/dingbat-to-unicode-1.0.1.tgz. Extracting by manifest.
700 silly tarball no local data for define-data-property@https://registry.npmmirror.com/define-data-property/-/define-data-property-1.1.4.tgz. Extracting by manifest.
701 silly tarball no local data for define-properties@https://registry.npmmirror.com/define-properties/-/define-properties-1.2.1.tgz. Extracting by manifest.
702 silly tarball no local data for deep-is@https://registry.npmmirror.com/deep-is/-/deep-is-0.1.4.tgz. Extracting by manifest.
703 silly tarball no local data for detect-libc@https://registry.npmmirror.com/detect-libc/-/detect-libc-2.1.2.tgz. Extracting by manifest.
704 silly tarball no local data for debug@https://registry.npmmirror.com/debug/-/debug-4.4.3.tgz. Extracting by manifest.
705 silly tarball no local data for data-view-byte-length@https://registry.npmmirror.com/data-view-byte-length/-/data-view-byte-length-1.0.2.tgz. Extracting by manifest.
706 silly tarball no local data for data-view-byte-offset@https://registry.npmmirror.com/data-view-byte-offset/-/data-view-byte-offset-1.0.1.tgz. Extracting by manifest.
707 silly tarball no local data for csstype@https://registry.npmmirror.com/csstype/-/csstype-3.2.3.tgz. Extracting by manifest.
708 silly tarball no local data for data-view-buffer@https://registry.npmmirror.com/data-view-buffer/-/data-view-buffer-1.0.2.tgz. Extracting by manifest.
709 silly tarball no local data for damerau-levenshtein@https://registry.npmmirror.com/damerau-levenshtein/-/damerau-levenshtein-1.0.8.tgz. Extracting by manifest.
710 silly tarball no local data for cross-spawn@https://registry.npmmirror.com/cross-spawn/-/cross-spawn-7.0.6.tgz. Extracting by manifest.
711 silly tarball no local data for crc-32@https://registry.npmmirror.com/crc-32/-/crc-32-1.2.2.tgz. Extracting by manifest.
712 silly tarball no local data for core-util-is@https://registry.npmmirror.com/core-util-is/-/core-util-is-1.0.3.tgz. Extracting by manifest.
713 silly tarball no local data for convert-source-map@https://registry.npmmirror.com/convert-source-map/-/convert-source-map-2.0.0.tgz. Extracting by manifest.
714 silly tarball no local data for concat-map@https://registry.npmmirror.com/concat-map/-/concat-map-0.0.1.tgz. Extracting by manifest.
715 silly tarball no local data for color-name@https://registry.npmmirror.com/color-name/-/color-name-1.1.4.tgz. Extracting by manifest.
716 silly tarball no local data for color-convert@https://registry.npmmirror.com/color-convert/-/color-convert-2.0.1.tgz. Extracting by manifest.
717 silly tarball no local data for codepage@https://registry.npmmirror.com/codepage/-/codepage-1.15.0.tgz. Extracting by manifest.
718 silly tarball no local data for client-only@https://registry.npmmirror.com/client-only/-/client-only-0.0.1.tgz. Extracting by manifest.
719 silly tarball no local data for clsx@https://registry.npmmirror.com/clsx/-/clsx-2.1.1.tgz. Extracting by manifest.
720 silly tarball no local data for class-variance-authority@https://registry.npmmirror.com/class-variance-authority/-/class-variance-authority-0.7.1.tgz. Extracting by manifest.
721 silly tarball no local data for chalk@https://registry.npmmirror.com/chalk/-/chalk-4.1.2.tgz. Extracting by manifest.
722 silly tarball no local data for cfb@https://registry.npmmirror.com/cfb/-/cfb-1.2.2.tgz. Extracting by manifest.
723 silly tarball no local data for caniuse-lite@https://registry.npmmirror.com/caniuse-lite/-/caniuse-lite-1.0.30001793.tgz. Extracting by manifest.
724 silly tarball no local data for callsites@https://registry.npmmirror.com/callsites/-/callsites-3.1.0.tgz. Extracting by manifest.
725 silly tarball no local data for call-bound@https://registry.npmmirror.com/call-bound/-/call-bound-1.0.4.tgz. Extracting by manifest.
726 silly tarball no local data for call-bind-apply-helpers@https://registry.npmmirror.com/call-bind-apply-helpers/-/call-bind-apply-helpers-1.0.2.tgz. Extracting by manifest.
727 silly tarball no local data for call-bind@https://registry.npmmirror.com/call-bind/-/call-bind-1.0.9.tgz. Extracting by manifest.
728 silly tarball no local data for buffer-from@https://registry.npmmirror.com/buffer-from/-/buffer-from-1.1.2.tgz. Extracting by manifest.
729 silly tarball no local data for browserslist@https://registry.npmmirror.com/browserslist/-/browserslist-4.28.2.tgz. Extracting by manifest.
730 silly tarball no local data for braces@https://registry.npmmirror.com/braces/-/braces-3.0.3.tgz. Extracting by manifest.
731 silly tarball no local data for brace-expansion@https://registry.npmmirror.com/brace-expansion/-/brace-expansion-1.1.15.tgz. Extracting by manifest.
732 silly tarball no local data for bluebird@https://registry.npmmirror.com/bluebird/-/bluebird-3.4.7.tgz. Extracting by manifest.
733 silly tarball no local data for baseline-browser-mapping@https://registry.npmmirror.com/baseline-browser-mapping/-/baseline-browser-mapping-2.10.33.tgz. Extracting by manifest.
734 silly tarball no local data for base64-js@https://registry.npmmirror.com/base64-js/-/base64-js-1.5.1.tgz. Extracting by manifest.
735 silly tarball no local data for balanced-match@https://registry.npmmirror.com/balanced-match/-/balanced-match-1.0.2.tgz. Extracting by manifest.
736 silly tarball no local data for axobject-query@https://registry.npmmirror.com/axobject-query/-/axobject-query-4.1.0.tgz. Extracting by manifest.
737 silly tarball no local data for import-fresh@https://registry.npmmirror.com/import-fresh/-/import-fresh-3.3.1.tgz. Extracting by manifest.
738 silly tarball no local data for axe-core@https://registry.npmmirror.com/axe-core/-/axe-core-4.12.0.tgz. Extracting by manifest.
739 silly tarball no local data for available-typed-arrays@https://registry.npmmirror.com/available-typed-arrays/-/available-typed-arrays-1.0.7.tgz. Extracting by manifest.
740 silly tarball no local data for async-function@https://registry.npmmirror.com/async-function/-/async-function-1.0.0.tgz. Extracting by manifest.
741 silly tarball no local data for array.prototype.flatmap@https://registry.npmmirror.com/array.prototype.flatmap/-/array.prototype.flatmap-1.3.3.tgz. Extracting by manifest.
742 silly tarball no local data for arraybuffer.prototype.slice@https://registry.npmmirror.com/arraybuffer.prototype.slice/-/arraybuffer.prototype.slice-1.0.4.tgz. Extracting by manifest.
743 silly tarball no local data for array.prototype.tosorted@https://registry.npmmirror.com/array.prototype.tosorted/-/array.prototype.tosorted-1.1.4.tgz. Extracting by manifest.
744 silly tarball no local data for array.prototype.findlastindex@https://registry.npmmirror.com/array.prototype.findlastindex/-/array.prototype.findlastindex-1.2.6.tgz. Extracting by manifest.
745 silly tarball no local data for ast-types-flow@https://registry.npmmirror.com/ast-types-flow/-/ast-types-flow-0.0.8.tgz. Extracting by manifest.
746 silly tarball no local data for array.prototype.flat@https://registry.npmmirror.com/array.prototype.flat/-/array.prototype.flat-1.3.3.tgz. Extracting by manifest.
747 silly tarball no local data for array-includes@https://registry.npmmirror.com/array-includes/-/array-includes-3.1.9.tgz. Extracting by manifest.
748 silly tarball no local data for array.prototype.findlast@https://registry.npmmirror.com/array.prototype.findlast/-/array.prototype.findlast-1.2.5.tgz. Extracting by manifest.
749 silly tarball no local data for array-buffer-byte-length@https://registry.npmmirror.com/array-buffer-byte-length/-/array-buffer-byte-length-1.0.2.tgz. Extracting by manifest.
750 silly tarball no local data for aria-query@https://registry.npmmirror.com/aria-query/-/aria-query-5.3.2.tgz. Extracting by manifest.
751 silly tarball no local data for argparse@https://registry.npmmirror.com/argparse/-/argparse-2.0.1.tgz. Extracting by manifest.
752 silly tarball no local data for ansi-styles@https://registry.npmmirror.com/ansi-styles/-/ansi-styles-4.3.0.tgz. Extracting by manifest.
753 silly tarball no local data for ajv@https://registry.npmmirror.com/ajv/-/ajv-6.15.0.tgz. Extracting by manifest.
754 silly tarball no local data for adler-32@https://registry.npmmirror.com/adler-32/-/adler-32-1.3.1.tgz. Extracting by manifest.
755 silly tarball no local data for acorn-jsx@https://registry.npmmirror.com/acorn-jsx/-/acorn-jsx-5.3.2.tgz. Extracting by manifest.
756 silly tarball no local data for acorn@https://registry.npmmirror.com/acorn/-/acorn-8.16.0.tgz. Extracting by manifest.
757 silly tarball no local data for @xmldom/xmldom@https://registry.npmmirror.com/@xmldom/xmldom/-/xmldom-0.8.13.tgz. Extracting by manifest.
758 silly tarball no local data for @unrs/resolver-binding-win32-x64-msvc@https://registry.npmmirror.com/@unrs/resolver-binding-win32-x64-msvc/-/resolver-binding-win32-x64-msvc-1.12.2.tgz. Extracting by manifest.
759 silly tarball no local data for @typescript-eslint/visitor-keys@https://registry.npmmirror.com/@typescript-eslint/visitor-keys/-/visitor-keys-8.60.1.tgz. Extracting by manifest.
760 silly tarball no local data for @typescript-eslint/utils@https://registry.npmmirror.com/@typescript-eslint/utils/-/utils-8.60.1.tgz. Extracting by manifest.
761 silly tarball no local data for @typescript-eslint/typescript-estree@https://registry.npmmirror.com/@typescript-eslint/typescript-estree/-/typescript-estree-8.60.1.tgz. Extracting by manifest.
762 silly tarball no local data for @typescript-eslint/types@https://registry.npmmirror.com/@typescript-eslint/types/-/types-8.60.1.tgz. Extracting by manifest.
763 silly tarball no local data for @typescript-eslint/tsconfig-utils@https://registry.npmmirror.com/@typescript-eslint/tsconfig-utils/-/tsconfig-utils-8.60.1.tgz. Extracting by manifest.
764 silly tarball no local data for @typescript-eslint/type-utils@https://registry.npmmirror.com/@typescript-eslint/type-utils/-/type-utils-8.60.1.tgz. Extracting by manifest.
765 silly tarball no local data for @typescript-eslint/scope-manager@https://registry.npmmirror.com/@typescript-eslint/scope-manager/-/scope-manager-8.60.1.tgz. Extracting by manifest.
766 silly tarball no local data for @typescript-eslint/project-service@https://registry.npmmirror.com/@typescript-eslint/project-service/-/project-service-8.60.1.tgz. Extracting by manifest.
767 silly tarball no local data for @typescript-eslint/parser@https://registry.npmmirror.com/@typescript-eslint/parser/-/parser-8.60.1.tgz. Extracting by manifest.
768 silly tarball no local data for @typescript-eslint/eslint-plugin@https://registry.npmmirror.com/@typescript-eslint/eslint-plugin/-/eslint-plugin-8.60.1.tgz. Extracting by manifest.
769 silly tarball no local data for @types/react-dom@https://registry.npmmirror.com/@types/react-dom/-/react-dom-19.2.3.tgz. Extracting by manifest.
770 silly tarball no local data for @types/pdfjs-dist@https://registry.npmmirror.com/@types/pdfjs-dist/-/pdfjs-dist-2.10.377.tgz. Extracting by manifest.
771 silly tarball no local data for @types/react@https://registry.npmmirror.com/@types/react/-/react-19.2.16.tgz. Extracting by manifest.
772 silly tarball no local data for @types/node@https://registry.npmmirror.com/@types/node/-/node-20.19.41.tgz. Extracting by manifest.
773 silly tarball no local data for @types/json5@https://registry.npmmirror.com/@types/json5/-/json5-0.0.29.tgz. Extracting by manifest.
774 silly tarball no local data for lightningcss@https://registry.npmmirror.com/lightningcss/-/lightningcss-1.32.0.tgz. Extracting by manifest.
775 silly tarball no local data for @types/json-schema@https://registry.npmmirror.com/@types/json-schema/-/json-schema-7.0.15.tgz. Extracting by manifest.
776 silly tarball no local data for @tailwindcss/postcss@https://registry.npmmirror.com/@tailwindcss/postcss/-/postcss-4.3.0.tgz. Extracting by manifest.
777 silly tarball no local data for @tailwindcss/oxide-win32-x64-msvc@https://registry.npmmirror.com/@tailwindcss/oxide-win32-x64-msvc/-/oxide-win32-x64-msvc-4.3.0.tgz. Extracting by manifest.
778 silly tarball no local data for @tybys/wasm-util@https://registry.npmmirror.com/@tybys/wasm-util/-/wasm-util-0.10.2.tgz. Extracting by manifest.
779 silly tarball no local data for @tanstack/virtual-core@https://registry.npmmirror.com/@tanstack/virtual-core/-/virtual-core-3.17.0.tgz. Extracting by manifest.
780 silly tarball no local data for @tanstack/react-virtual@https://registry.npmmirror.com/@tanstack/react-virtual/-/react-virtual-3.14.2.tgz. Extracting by manifest.
781 silly tarball no local data for @swc/helpers@https://registry.npmmirror.com/@swc/helpers/-/helpers-0.5.15.tgz. Extracting by manifest.
782 silly tarball no local data for @tailwindcss/oxide@https://registry.npmmirror.com/@tailwindcss/oxide/-/oxide-4.3.0.tgz. Extracting by manifest.
783 silly tarball no local data for @tailwindcss/node@https://registry.npmmirror.com/@tailwindcss/node/-/node-4.3.0.tgz. Extracting by manifest.
784 silly tarball no local data for @rtsao/scc@https://registry.npmmirror.com/@rtsao/scc/-/scc-1.1.0.tgz. Extracting by manifest.
785 silly tarball no local data for @nolyfill/is-core-module@https://registry.npmmirror.com/@nolyfill/is-core-module/-/is-core-module-1.0.39.tgz. Extracting by manifest.
786 silly tarball no local data for @nodelib/fs.walk@https://registry.npmmirror.com/@nodelib/fs.walk/-/fs.walk-1.2.8.tgz. Extracting by manifest.
787 silly tarball no local data for @nodelib/fs.stat@https://registry.npmmirror.com/@nodelib/fs.stat/-/fs.stat-2.0.5.tgz. Extracting by manifest.
788 silly tarball no local data for @next/swc-win32-x64-msvc@https://registry.npmmirror.com/@next/swc-win32-x64-msvc/-/swc-win32-x64-msvc-16.2.6.tgz. Extracting by manifest.
789 silly tarball no local data for @next/eslint-plugin-next@https://registry.npmmirror.com/@next/eslint-plugin-next/-/eslint-plugin-next-16.2.6.tgz. Extracting by manifest.
790 silly tarball no local data for @nodelib/fs.scandir@https://registry.npmmirror.com/@nodelib/fs.scandir/-/fs.scandir-2.1.5.tgz. Extracting by manifest.
791 silly tarball no local data for @neondatabase/serverless@https://registry.npmmirror.com/@neondatabase/serverless/-/serverless-1.1.0.tgz. Extracting by manifest.
792 silly tarball no local data for @jridgewell/trace-mapping@https://registry.npmmirror.com/@jridgewell/trace-mapping/-/trace-mapping-0.3.31.tgz. Extracting by manifest.
793 silly tarball no local data for @next/env@https://registry.npmmirror.com/@next/env/-/env-16.2.6.tgz. Extracting by manifest.
794 silly tarball no local data for @napi-rs/wasm-runtime@https://registry.npmmirror.com/@napi-rs/wasm-runtime/-/wasm-runtime-1.1.4.tgz. Extracting by manifest.
795 silly tarball no local data for @napi-rs/canvas@https://registry.npmmirror.com/@napi-rs/canvas/-/canvas-0.1.100.tgz. Extracting by manifest.
796 silly tarball no local data for @jridgewell/sourcemap-codec@https://registry.npmmirror.com/@jridgewell/sourcemap-codec/-/sourcemap-codec-1.5.5.tgz. Extracting by manifest.
797 silly tarball no local data for @jridgewell/remapping@https://registry.npmmirror.com/@jridgewell/remapping/-/remapping-2.3.5.tgz. Extracting by manifest.
798 silly tarball no local data for @img/sharp-win32-x64@https://registry.npmmirror.com/@img/sharp-win32-x64/-/sharp-win32-x64-0.34.5.tgz. Extracting by manifest.
799 silly tarball no local data for @jridgewell/gen-mapping@https://registry.npmmirror.com/@jridgewell/gen-mapping/-/gen-mapping-0.3.13.tgz. Extracting by manifest.
800 silly tarball no local data for @types/estree@https://registry.npmmirror.com/@types/estree/-/estree-1.0.9.tgz. Extracting by manifest.
801 silly tarball no local data for @jridgewell/resolve-uri@https://registry.npmmirror.com/@jridgewell/resolve-uri/-/resolve-uri-3.1.2.tgz. Extracting by manifest.
802 silly tarball no local data for @img/colour@https://registry.npmmirror.com/@img/colour/-/colour-1.1.0.tgz. Extracting by manifest.
803 silly tarball no local data for @humanwhocodes/module-importer@https://registry.npmmirror.com/@humanwhocodes/module-importer/-/module-importer-1.0.1.tgz. Extracting by manifest.
804 silly tarball no local data for @humanfs/node@https://registry.npmmirror.com/@humanfs/node/-/node-0.16.8.tgz. Extracting by manifest.
805 silly tarball no local data for @eslint/plugin-kit@https://registry.npmmirror.com/@eslint/plugin-kit/-/plugin-kit-0.4.1.tgz. Extracting by manifest.
806 silly tarball no local data for @humanwhocodes/retry@https://registry.npmmirror.com/@humanwhocodes/retry/-/retry-0.4.3.tgz. Extracting by manifest.
807 silly tarball no local data for @humanfs/types@https://registry.npmmirror.com/@humanfs/types/-/types-0.15.0.tgz. Extracting by manifest.
808 silly tarball no local data for @humanfs/core@https://registry.npmmirror.com/@humanfs/core/-/core-0.19.2.tgz. Extracting by manifest.
809 silly tarball no local data for @eslint/object-schema@https://registry.npmmirror.com/@eslint/object-schema/-/object-schema-2.1.7.tgz. Extracting by manifest.
810 silly tarball no local data for @eslint/js@https://registry.npmmirror.com/@eslint/js/-/js-9.39.4.tgz. Extracting by manifest.
811 silly tarball no local data for @eslint/core@https://registry.npmmirror.com/@eslint/core/-/core-0.17.0.tgz. Extracting by manifest.
812 silly tarball no local data for @eslint/eslintrc@https://registry.npmmirror.com/@eslint/eslintrc/-/eslintrc-3.3.5.tgz. Extracting by manifest.
813 silly tarball no local data for @eslint/config-helpers@https://registry.npmmirror.com/@eslint/config-helpers/-/config-helpers-0.4.2.tgz. Extracting by manifest.
814 silly tarball no local data for @napi-rs/canvas-win32-x64-msvc@https://registry.npmmirror.com/@napi-rs/canvas-win32-x64-msvc/-/canvas-win32-x64-msvc-0.1.100.tgz. Extracting by manifest.
815 silly tarball no local data for @esbuild-kit/esm-loader@https://registry.npmmirror.com/@esbuild-kit/esm-loader/-/esm-loader-2.6.5.tgz. Extracting by manifest.
816 silly tarball no local data for @esbuild-kit/core-utils@https://registry.npmmirror.com/@esbuild-kit/core-utils/-/core-utils-3.3.2.tgz. Extracting by manifest.
817 silly tarball no local data for @eslint-community/regexpp@https://registry.npmmirror.com/@eslint-community/regexpp/-/regexpp-4.12.2.tgz. Extracting by manifest.
818 silly tarball no local data for @emnapi/wasi-threads@https://registry.npmmirror.com/@emnapi/wasi-threads/-/wasi-threads-1.2.1.tgz. Extracting by manifest.
819 silly tarball no local data for @esbuild/win32-x64@https://registry.npmmirror.com/@esbuild/win32-x64/-/win32-x64-0.25.12.tgz. Extracting by manifest.
820 silly tarball no local data for @eslint/config-array@https://registry.npmmirror.com/@eslint/config-array/-/config-array-0.21.2.tgz. Extracting by manifest.
821 silly tarball no local data for @drizzle-team/brocli@https://registry.npmmirror.com/@drizzle-team/brocli/-/brocli-0.10.2.tgz. Extracting by manifest.
822 silly tarball no local data for @eslint-community/eslint-utils@https://registry.npmmirror.com/@eslint-community/eslint-utils/-/eslint-utils-4.9.1.tgz. Extracting by manifest.
823 silly tarball no local data for @babel/types@https://registry.npmmirror.com/@babel/types/-/types-7.29.7.tgz. Extracting by manifest.
824 silly tarball no local data for @emnapi/runtime@https://registry.npmmirror.com/@emnapi/runtime/-/runtime-1.10.0.tgz. Extracting by manifest.
825 silly tarball no local data for @babel/template@https://registry.npmmirror.com/@babel/template/-/template-7.29.7.tgz. Extracting by manifest.
826 silly tarball no local data for @emnapi/core@https://registry.npmmirror.com/@emnapi/core/-/core-1.10.0.tgz. Extracting by manifest.
827 silly tarball no local data for @babel/traverse@https://registry.npmmirror.com/@babel/traverse/-/traverse-7.29.7.tgz. Extracting by manifest.
828 silly tarball no local data for @babel/parser@https://registry.npmmirror.com/@babel/parser/-/parser-7.29.7.tgz. Extracting by manifest.
829 silly tarball no local data for @babel/helper-validator-option@https://registry.npmmirror.com/@babel/helper-validator-option/-/helper-validator-option-7.29.7.tgz. Extracting by manifest.
830 silly tarball no local data for @babel/helper-validator-identifier@https://registry.npmmirror.com/@babel/helper-validator-identifier/-/helper-validator-identifier-7.29.7.tgz. Extracting by manifest.
831 silly tarball no local data for @babel/helpers@https://registry.npmmirror.com/@babel/helpers/-/helpers-7.29.7.tgz. Extracting by manifest.
832 silly tarball no local data for @babel/helper-string-parser@https://registry.npmmirror.com/@babel/helper-string-parser/-/helper-string-parser-7.29.7.tgz. Extracting by manifest.
833 silly tarball no local data for @babel/helper-module-transforms@https://registry.npmmirror.com/@babel/helper-module-transforms/-/helper-module-transforms-7.29.7.tgz. Extracting by manifest.
834 silly tarball no local data for @babel/helper-module-imports@https://registry.npmmirror.com/@babel/helper-module-imports/-/helper-module-imports-7.29.7.tgz. Extracting by manifest.
835 silly tarball no local data for @babel/helper-globals@https://registry.npmmirror.com/@babel/helper-globals/-/helper-globals-7.29.7.tgz. Extracting by manifest.
836 silly tarball no local data for @babel/helper-compilation-targets@https://registry.npmmirror.com/@babel/helper-compilation-targets/-/helper-compilation-targets-7.29.7.tgz. Extracting by manifest.
837 silly tarball no local data for @babel/generator@https://registry.npmmirror.com/@babel/generator/-/generator-7.29.7.tgz. Extracting by manifest.
838 silly tarball no local data for @babel/core@https://registry.npmmirror.com/@babel/core/-/core-7.29.7.tgz. Extracting by manifest.
839 silly tarball no local data for @babel/compat-data@https://registry.npmmirror.com/@babel/compat-data/-/compat-data-7.29.7.tgz. Extracting by manifest.
840 silly tarball no local data for @babel/code-frame@https://registry.npmmirror.com/@babel/code-frame/-/code-frame-7.29.7.tgz. Extracting by manifest.
841 silly tarball no local data for @alloc/quick-lru@https://registry.npmmirror.com/@alloc/quick-lru/-/quick-lru-5.2.0.tgz. Extracting by manifest.
842 silly tarball no local data for esbuild@https://registry.npmmirror.com/esbuild/-/esbuild-0.28.0.tgz. Extracting by manifest.
843 silly tarball no local data for @esbuild/win32-x64@https://registry.npmmirror.com/@esbuild/win32-x64/-/win32-x64-0.28.0.tgz. Extracting by manifest.
844 silly tarball no local data for picomatch@https://registry.npmmirror.com/picomatch/-/picomatch-4.0.4.tgz. Extracting by manifest.
845 silly tarball no local data for fdir@https://registry.npmmirror.com/fdir/-/fdir-6.5.0.tgz. Extracting by manifest.
846 silly tarball no local data for json5@https://registry.npmmirror.com/json5/-/json5-1.0.2.tgz. Extracting by manifest.
847 silly tarball no local data for semver@https://registry.npmmirror.com/semver/-/semver-7.8.2.tgz. Extracting by manifest.
848 silly tarball no local data for isarray@https://registry.npmmirror.com/isarray/-/isarray-1.0.0.tgz. Extracting by manifest.
849 silly tarball no local data for argparse@https://registry.npmmirror.com/argparse/-/argparse-1.0.10.tgz. Extracting by manifest.
850 silly tarball no local data for postcss@https://registry.npmmirror.com/postcss/-/postcss-8.4.31.tgz. Extracting by manifest.
851 silly tarball no local data for semver@https://registry.npmmirror.com/semver/-/semver-7.8.2.tgz. Extracting by manifest.
852 silly tarball no local data for glob-parent@https://registry.npmmirror.com/glob-parent/-/glob-parent-5.1.2.tgz. Extracting by manifest.
853 silly tarball no local data for debug@https://registry.npmmirror.com/debug/-/debug-3.2.7.tgz. Extracting by manifest.
854 silly tarball no local data for debug@https://registry.npmmirror.com/debug/-/debug-3.2.7.tgz. Extracting by manifest.
855 silly tarball no local data for globals@https://registry.npmmirror.com/globals/-/globals-16.4.0.tgz. Extracting by manifest.
856 silly tarball no local data for debug@https://registry.npmmirror.com/debug/-/debug-3.2.7.tgz. Extracting by manifest.
857 silly tarball no local data for eslint-visitor-keys@https://registry.npmmirror.com/eslint-visitor-keys/-/eslint-visitor-keys-5.0.1.tgz. Extracting by manifest.
858 silly tarball no local data for minimatch@https://registry.npmmirror.com/minimatch/-/minimatch-10.2.5.tgz. Extracting by manifest.
859 silly tarball no local data for balanced-match@https://registry.npmmirror.com/balanced-match/-/balanced-match-4.0.4.tgz. Extracting by manifest.
860 silly tarball no local data for eslint-visitor-keys@https://registry.npmmirror.com/eslint-visitor-keys/-/eslint-visitor-keys-3.4.3.tgz. Extracting by manifest.
861 silly tarball no local data for ignore@https://registry.npmmirror.com/ignore/-/ignore-7.0.5.tgz. Extracting by manifest.
862 silly tarball no local data for esbuild@https://registry.npmmirror.com/esbuild/-/esbuild-0.18.20.tgz. Extracting by manifest.
863 silly tarball no local data for brace-expansion@https://registry.npmmirror.com/brace-expansion/-/brace-expansion-5.0.6.tgz. Extracting by manifest.
864 silly tarball no local data for semver@https://registry.npmmirror.com/semver/-/semver-7.8.2.tgz. Extracting by manifest.
865 silly tarball no local data for @esbuild/win32-x64@https://registry.npmmirror.com/@esbuild/win32-x64/-/win32-x64-0.18.20.tgz. Extracting by manifest.
866 http fetch GET 200 https://cdn.npmmirror.com/packages/which-typed-array/1.1.21/which-typed-array-1.1.21.tgz 3054ms (cache miss)
867 http fetch GET 200 https://cdn.npmmirror.com/packages/update-browserslist-db/1.2.3/update-browserslist-db-1.2.3.tgz 3042ms (cache miss)
868 http fetch GET 200 https://cdn.npmmirror.com/packages/yocto-queue/0.1.0/yocto-queue-0.1.0.tgz 3071ms (cache miss)
869 http fetch GET 200 https://cdn.npmmirror.com/packages/util-deprecate/1.0.2/util-deprecate-1.0.2.tgz 3047ms (cache miss)
870 http fetch GET 200 https://cdn.npmmirror.com/packages/word-wrap/1.2.5/word-wrap-1.2.5.tgz 3056ms (cache miss)
871 http fetch GET 200 https://cdn.npmmirror.com/packages/which/2.0.2/which-2.0.2.tgz 3056ms (cache miss)
872 http fetch GET 200 https://cdn.npmmirror.com/packages/yallist/3.1.1/yallist-3.1.1.tgz 3174ms (cache miss)
873 http fetch GET 200 https://cdn.npmmirror.com/packages/unbox-primitive/1.1.0/unbox-primitive-1.1.0.tgz 3147ms (cache miss)
874 http fetch GET 200 https://cdn.npmmirror.com/packages/word/0.3.0/word-0.3.0.tgz 3258ms (cache miss)
875 http fetch GET 200 https://cdn.npmmirror.com/packages/typed-array-byte-length/1.0.3/typed-array-byte-length-1.0.3.tgz 3271ms (cache miss)
876 http fetch GET 200 https://cdn.npmmirror.com/packages/typed-array-byte-offset/1.0.4/typed-array-byte-offset-1.0.4.tgz 3275ms (cache miss)
877 http fetch GET 200 https://cdn.npmmirror.com/packages/typed-array-buffer/1.0.3/typed-array-buffer-1.0.3.tgz 3341ms (cache miss)
878 http fetch GET 200 https://cdn.npmmirror.com/packages/strip-bom/3.0.0/strip-bom-3.0.0.tgz 3316ms (cache miss)
879 http fetch GET 200 https://cdn.npmmirror.com/packages/supports-color/7.2.0/supports-color-7.2.0.tgz 3399ms (cache miss)
880 http fetch GET 200 https://cdn.npmmirror.com/packages/to-regex-range/5.0.1/to-regex-range-5.0.1.tgz 3468ms (cache miss)
881 http fetch GET 200 https://cdn.npmmirror.com/packages/tinyglobby/0.2.17/tinyglobby-0.2.17.tgz 3566ms (cache miss)
882 http fetch GET 200 https://cdn.npmmirror.com/packages/strip-json-comments/3.1.1/strip-json-comments-3.1.1.tgz 3563ms (cache miss)
883 http fetch GET 200 https://cdn.npmmirror.com/packages/string.prototype.repeat/1.0.0/string.prototype.repeat-1.0.0.tgz 3631ms (cache miss)
884 http fetch GET 200 https://cdn.npmmirror.com/packages/stable-hash/0.0.5/stable-hash-0.0.5.tgz 3625ms (cache miss)
885 http fetch GET 200 https://cdn.npmmirror.com/packages/string.prototype.includes/2.0.1/string.prototype.includes-2.0.1.tgz 3634ms (cache miss)
886 http fetch GET 200 https://cdn.npmmirror.com/packages/stop-iteration-iterator/1.1.0/stop-iteration-iterator-1.1.0.tgz 3683ms (cache miss)
887 http fetch GET 200 https://cdn.npmmirror.com/packages/string_decoder/1.1.1/string_decoder-1.1.1.tgz 3685ms (cache miss)
888 http fetch GET 200 https://cdn.npmmirror.com/packages/side-channel-map/1.0.1/side-channel-map-1.0.1.tgz 3673ms (cache miss)
889 http fetch GET 200 https://cdn.npmmirror.com/packages/unrs-resolver/1.12.2/unrs-resolver-1.12.2.tgz 3774ms (cache miss)
890 http fetch GET 200 https://cdn.npmmirror.com/packages/side-channel/1.1.0/side-channel-1.1.0.tgz 3756ms (cache miss)
891 http fetch GET 200 https://cdn.npmmirror.com/packages/shebang-command/2.0.0/shebang-command-2.0.0.tgz 3753ms (cache miss)
892 http fetch GET 200 https://cdn.npmmirror.com/packages/type-check/0.4.0/type-check-0.4.0.tgz 3872ms (cache miss)
893 http fetch GET 200 https://cdn.npmmirror.com/packages/scheduler/0.27.0/scheduler-0.27.0.tgz 3803ms (cache miss)
894 http fetch GET 200 https://cdn.npmmirror.com/packages/set-proto/1.0.0/set-proto-1.0.0.tgz 3872ms (cache miss)
895 http fetch GET 200 https://cdn.npmmirror.com/packages/setimmediate/1.0.5/setimmediate-1.0.5.tgz 3883ms (cache miss)
896 http fetch GET 200 https://cdn.npmmirror.com/packages/safe-regex-test/1.1.0/safe-regex-test-1.1.0.tgz 3966ms (cache miss)
897 http fetch GET 200 https://cdn.npmmirror.com/packages/safe-push-apply/1.0.0/safe-push-apply-1.0.0.tgz 3974ms (cache miss)
898 http fetch GET 200 https://cdn.npmmirror.com/packages/safe-buffer/5.1.2/safe-buffer-5.1.2.tgz 4176ms (cache miss)
899 http fetch GET 200 https://cdn.npmmirror.com/packages/resolve-from/4.0.0/resolve-from-4.0.0.tgz 4379ms (cache miss)
900 http fetch GET 200 https://cdn.npmmirror.com/packages/run-parallel/1.2.0/run-parallel-1.2.0.tgz 4382ms (cache miss)
901 http fetch GET 200 https://cdn.npmmirror.com/packages/shebang-regex/3.0.0/shebang-regex-3.0.0.tgz 4412ms (cache miss)
902 http fetch GET 200 https://cdn.npmmirror.com/packages/reusify/1.1.0/reusify-1.1.0.tgz 4390ms (cache miss)
903 http fetch GET 200 https://cdn.npmmirror.com/packages/process-nextick-args/2.0.1/process-nextick-args-2.0.1.tgz 4369ms (cache miss)
904 http fetch GET 200 https://cdn.npmmirror.com/packages/possible-typed-array-names/1.1.0/possible-typed-array-names-1.1.0.tgz 4364ms (cache miss)
905 http fetch GET 200 https://cdn.npmmirror.com/packages/punycode/2.3.1/punycode-2.3.1.tgz 4372ms (cache miss)
906 http fetch GET 200 https://cdn.npmmirror.com/packages/react-is/16.13.1/react-is-16.13.1.tgz 4414ms (cache miss)
907 http fetch GET 200 https://cdn.npmmirror.com/packages/parent-module/1.0.1/parent-module-1.0.1.tgz 4391ms (cache miss)
908 http fetch GET 200 https://cdn.npmmirror.com/packages/queue-microtask/1.2.3/queue-microtask-1.2.3.tgz 4459ms (cache miss)
909 http fetch GET 200 https://cdn.npmmirror.com/packages/p-limit/3.1.0/p-limit-3.1.0.tgz 4438ms (cache miss)
910 http fetch GET 200 https://cdn.npmmirror.com/packages/picocolors/1.1.1/picocolors-1.1.1.tgz 4492ms (cache miss)
911 http fetch GET 200 https://cdn.npmmirror.com/packages/path-key/3.1.1/path-key-3.1.1.tgz 4486ms (cache miss)
912 http fetch GET 200 https://cdn.npmmirror.com/packages/object-keys/1.1.1/object-keys-1.1.1.tgz 4472ms (cache miss)
913 http fetch GET 200 https://cdn.npmmirror.com/packages/source-map-support/0.5.21/source-map-support-0.5.21.tgz 4631ms (cache miss)
914 http fetch GET 200 https://cdn.npmmirror.com/packages/path-is-absolute/1.0.1/path-is-absolute-1.0.1.tgz 4562ms (cache miss)
915 http fetch GET 200 https://cdn.npmmirror.com/packages/which-builtin-type/1.2.1/which-builtin-type-1.2.1.tgz 4764ms (cache miss)
916 http fetch GET 200 https://cdn.npmmirror.com/packages/path-parse/1.0.7/path-parse-1.0.7.tgz 4626ms (cache miss)
917 http fetch GET 200 https://cdn.npmmirror.com/packages/path-exists/4.0.0/path-exists-4.0.0.tgz 4626ms (cache miss)
918 http fetch GET 200 https://cdn.npmmirror.com/packages/option/0.2.4/option-0.2.4.tgz 4615ms (cache miss)
919 http fetch GET 200 https://cdn.npmmirror.com/packages/semver/6.3.1/semver-6.3.1.tgz 4725ms (cache miss)
920 http fetch GET 200 https://cdn.npmmirror.com/packages/object.fromentries/2.0.8/object.fromentries-2.0.8.tgz 4698ms (cache miss)
921 http fetch GET 200 https://cdn.npmmirror.com/packages/ssf/0.11.2/ssf-0.11.2.tgz 4834ms (cache miss)
922 http fetch GET 200 https://cdn.npmmirror.com/packages/p-locate/5.0.0/p-locate-5.0.0.tgz 4746ms (cache miss)
923 http fetch GET 200 https://cdn.npmmirror.com/packages/object-assign/4.1.1/object-assign-4.1.1.tgz 4731ms (cache miss)
924 http fetch GET 200 https://cdn.npmmirror.com/packages/node-exports-info/1.6.0/node-exports-info-1.6.0.tgz 4731ms (cache miss)
925 http fetch GET 200 https://cdn.npmmirror.com/packages/supports-preserve-symlinks-flag/1.0.0/supports-preserve-symlinks-flag-1.0.0.tgz 4903ms (cache miss)
926 http fetch GET 200 https://cdn.npmmirror.com/packages/ms/2.1.3/ms-2.1.3.tgz 4772ms (cache miss)
927 http fetch GET 200 https://cdn.npmmirror.com/packages/which-collection/1.0.2/which-collection-1.0.2.tgz 5055ms (cache miss)
928 http fetch GET 200 https://cdn.npmmirror.com/packages/typed-array-length/1.0.8/typed-array-length-1.0.8.tgz 5060ms (cache miss)
929 http fetch GET 200 https://cdn.npmmirror.com/packages/set-function-name/2.0.2/set-function-name-2.0.2.tgz 4991ms (cache miss)
930 http fetch GET 200 https://cdn.npmmirror.com/packages/which-boxed-primitive/1.1.1/which-boxed-primitive-1.1.1.tgz 5139ms (cache miss)
931 http fetch GET 200 https://cdn.npmmirror.com/packages/merge2/1.4.1/merge2-1.4.1.tgz 4947ms (cache miss)
932 http fetch GET 200 https://cdn.npmmirror.com/packages/natural-compare/1.4.0/natural-compare-1.4.0.tgz 4971ms (cache miss)
933 http fetch GET 200 https://cdn.npmmirror.com/packages/resolve-pkg-maps/1.0.0/resolve-pkg-maps-1.0.0.tgz 5153ms (cache miss)
934 http fetch GET 200 https://cdn.npmmirror.com/packages/micromatch/4.0.8/micromatch-4.0.8.tgz 5068ms (cache miss)
935 http fetch GET 200 https://cdn.npmmirror.com/packages/lru-cache/5.1.1/lru-cache-5.1.1.tgz 5068ms (cache miss)
936 http fetch GET 200 https://cdn.npmmirror.com/packages/locate-path/6.0.0/locate-path-6.0.0.tgz 5058ms (cache miss)
937 http fetch GET 200 https://cdn.npmmirror.com/packages/minimatch/3.1.5/minimatch-3.1.5.tgz 5153ms (cache miss)
938 http fetch GET 200 https://cdn.npmmirror.com/packages/lodash.merge/4.6.2/lodash.merge-4.6.2.tgz 5176ms (cache miss)
939 http fetch GET 200 https://cdn.npmmirror.com/packages/wmf/1.0.2/wmf-1.0.2.tgz 5534ms (cache miss)
940 http fetch GET 200 https://cdn.npmmirror.com/packages/keyv/4.5.4/keyv-4.5.4.tgz 5429ms (cache miss)
941 http fetch GET 200 https://cdn.npmmirror.com/packages/optionator/0.9.4/optionator-0.9.4.tgz 5655ms (cache miss)
942 http fetch GET 200 https://cdn.npmmirror.com/packages/node-releases/2.0.47/node-releases-2.0.47.tgz 5645ms (cache miss)
943 http fetch GET 200 https://cdn.npmmirror.com/packages/safe-array-concat/1.1.4/safe-array-concat-1.1.4.tgz 5924ms (cache miss)
944 http fetch GET 200 https://cdn.npmmirror.com/packages/json-buffer/3.0.1/json-buffer-3.0.1.tgz 5792ms (cache miss)
945 http fetch GET 200 https://cdn.npmmirror.com/packages/typescript-eslint/8.60.1/typescript-eslint-8.60.1.tgz 6101ms (cache miss)
946 http fetch GET 200 https://cdn.npmmirror.com/packages/side-channel-weakmap/1.0.2/side-channel-weakmap-1.0.2.tgz 6037ms (cache miss)
947 http fetch GET 200 https://cdn.npmmirror.com/packages/ts-api-utils/2.5.0/ts-api-utils-2.5.0.tgz 6091ms (cache miss)
948 http fetch GET 200 https://cdn.npmmirror.com/packages/language-tags/1.0.9/language-tags-1.0.9.tgz 5905ms (cache miss)
949 http fetch GET 200 https://cdn.npmmirror.com/packages/set-function-length/1.2.2/set-function-length-1.2.2.tgz 6235ms (cache miss)
950 http fetch GET 200 https://cdn.npmmirror.com/packages/side-channel-list/1.0.1/side-channel-list-1.0.1.tgz 6378ms (cache miss)
951 http fetch GET 200 https://cdn.npmmirror.com/packages/levn/0.4.1/levn-0.4.1.tgz 6227ms (cache miss)
952 http fetch GET 200 https://cdn.npmmirror.com/packages/loose-envify/1.4.0/loose-envify-1.4.0.tgz 6235ms (cache miss)
953 http fetch GET 200 https://cdn.npmmirror.com/packages/js-tokens/4.0.0/js-tokens-4.0.0.tgz 6283ms (cache miss)
954 http fetch GET 200 https://cdn.npmmirror.com/packages/is-weakset/2.0.4/is-weakset-2.0.4.tgz 6371ms (cache miss)
955 http fetch GET 200 https://cdn.npmmirror.com/packages/is-weakmap/2.0.2/is-weakmap-2.0.2.tgz 6376ms (cache miss)
956 http fetch GET 200 https://cdn.npmmirror.com/packages/picomatch/2.3.2/picomatch-2.3.2.tgz 6780ms (cache miss)
957 http fetch GET 200 https://cdn.npmmirror.com/packages/tslib/2.8.1/tslib-2.8.1.tgz 6892ms (cache miss)
958 http fetch GET 200 https://cdn.npmmirror.com/packages/own-keys/1.0.1/own-keys-1.0.1.tgz 6806ms (cache miss)
959 http fetch GET 200 https://cdn.npmmirror.com/packages/isarray/2.0.5/isarray-2.0.5.tgz 6742ms (cache miss)
960 http fetch GET 200 https://cdn.npmmirror.com/packages/is-string/1.1.1/is-string-1.1.1.tgz 7006ms (cache miss)
961 http fetch GET 200 https://cdn.npmmirror.com/packages/is-shared-array-buffer/1.0.4/is-shared-array-buffer-1.0.4.tgz 7006ms (cache miss)
962 http fetch GET 200 https://cdn.npmmirror.com/packages/prelude-ls/1.2.1/prelude-ls-1.2.1.tgz 7287ms (cache miss)
963 http fetch GET 200 https://cdn.npmmirror.com/packages/is-set/2.0.3/is-set-2.0.3.tgz 7181ms (cache miss)
964 http fetch GET 200 https://cdn.npmmirror.com/packages/is-glob/4.0.3/is-glob-4.0.3.tgz 7178ms (cache miss)
965 http fetch GET 200 https://cdn.npmmirror.com/packages/jsesc/3.1.0/jsesc-3.1.0.tgz 7438ms (cache miss)
966 http fetch GET 200 https://cdn.npmmirror.com/packages/is-number/7.0.0/is-number-7.0.0.tgz 7721ms (cache miss)
967 http fetch GET 200 https://cdn.npmmirror.com/packages/is-callable/1.2.7/is-callable-1.2.7.tgz 7705ms (cache miss)
968 http fetch GET 200 https://cdn.npmmirror.com/packages/imurmurhash/0.1.4/imurmurhash-0.1.4.tgz 7696ms (cache miss)
969 http fetch GET 200 https://cdn.npmmirror.com/packages/has-symbols/1.1.0/has-symbols-1.1.0.tgz 7688ms (cache miss)
970 http fetch GET 200 https://cdn.npmmirror.com/packages/prop-types/15.8.1/prop-types-15.8.1.tgz 7995ms (cache miss)
971 http fetch GET 200 https://cdn.npmmirror.com/packages/is-extglob/2.1.1/is-extglob-2.1.1.tgz 7844ms (cache miss)
972 http fetch GET 200 https://cdn.npmmirror.com/packages/is-finalizationregistry/1.1.1/is-finalizationregistry-1.1.1.tgz 7850ms (cache miss)
973 http fetch GET 200 https://cdn.npmmirror.com/packages/is-core-module/2.16.2/is-core-module-2.16.2.tgz 7844ms (cache miss)
974 http fetch GET 200 https://cdn.npmmirror.com/packages/inherits/2.0.4/inherits-2.0.4.tgz 7833ms (cache miss)
975 http fetch GET 200 https://cdn.npmmirror.com/packages/is-bun-module/2.0.0/is-bun-module-2.0.0.tgz 8061ms (cache miss)
976 http fetch GET 200 https://cdn.npmmirror.com/packages/string.prototype.trimend/1.0.9/string.prototype.trimend-1.0.9.tgz 8406ms (cache miss)
977 http fetch GET 200 https://cdn.npmmirror.com/packages/isexe/2.0.0/isexe-2.0.0.tgz 8247ms (cache miss)
978 http fetch GET 200 https://cdn.npmmirror.com/packages/functions-have-names/1.2.3/functions-have-names-1.2.3.tgz 8142ms (cache miss)
979 http fetch GET 200 https://cdn.npmmirror.com/packages/string.prototype.trim/1.2.10/string.prototype.trim-1.2.10.tgz 8547ms (cache miss)
980 http fetch GET 200 https://cdn.npmmirror.com/packages/string.prototype.trimstart/1.0.8/string.prototype.trimstart-1.0.8.tgz 8555ms (cache miss)
981 http fetch GET 200 https://cdn.npmmirror.com/packages/immediate/3.0.6/immediate-3.0.6.tgz 8322ms (cache miss)
982 http fetch GET 200 https://cdn.npmmirror.com/packages/glob-parent/6.0.2/glob-parent-6.0.2.tgz 8304ms (cache miss)
983 http fetch GET 200 https://cdn.npmmirror.com/packages/has-proto/1.2.0/has-proto-1.2.0.tgz 8320ms (cache miss)
984 http fetch GET 200 https://cdn.npmmirror.com/packages/has-flag/4.0.0/has-flag-4.0.0.tgz 8317ms (cache miss)
985 http fetch GET 200 https://cdn.npmmirror.com/packages/has-bigints/1.1.0/has-bigints-1.1.0.tgz 8436ms (cache miss)
986 http fetch GET 200 https://cdn.npmmirror.com/packages/get-proto/1.0.1/get-proto-1.0.1.tgz 8438ms (cache miss)
987 http fetch GET 200 https://cdn.npmmirror.com/packages/file-entry-cache/8.0.0/file-entry-cache-8.0.0.tgz 8577ms (cache miss)
988 http fetch GET 200 https://cdn.npmmirror.com/packages/fast-levenshtein/2.0.6/fast-levenshtein-2.0.6.tgz 8844ms (cache miss)
989 http fetch GET 200 https://cdn.npmmirror.com/packages/for-each/0.3.5/for-each-0.3.5.tgz 9035ms (cache miss)
990 http fetch GET 200 https://cdn.npmmirror.com/packages/frac/1.1.2/frac-1.1.2.tgz 9038ms (cache miss)
991 http fetch GET 200 https://cdn.npmmirror.com/packages/function.prototype.name/1.1.8/function.prototype.name-1.1.8.tgz 9050ms (cache miss)
992 http fetch GET 200 https://cdn.npmmirror.com/packages/fill-range/7.1.1/fill-range-7.1.1.tgz 9039ms (cache miss)
993 http fetch GET 200 https://cdn.npmmirror.com/packages/fast-json-stable-stringify/2.1.0/fast-json-stable-stringify-2.1.0.tgz 9035ms (cache miss)
994 http fetch GET 200 https://cdn.npmmirror.com/packages/estraverse/5.3.0/estraverse-5.3.0.tgz 9035ms (cache miss)
995 http fetch GET 200 https://cdn.npmmirror.com/packages/reflect.getprototypeof/1.0.10/reflect.getprototypeof-1.0.10.tgz 9439ms (cache miss)
996 http fetch GET 200 https://cdn.npmmirror.com/packages/iterator.prototype/1.1.5/iterator.prototype-1.1.5.tgz 9317ms (cache miss)
997 http fetch GET 200 https://cdn.npmmirror.com/packages/ignore/5.3.2/ignore-5.3.2.tgz 9407ms (cache miss)
998 http fetch GET 200 https://cdn.npmmirror.com/packages/json-schema-traverse/0.4.1/json-schema-traverse-0.4.1.tgz 9480ms (cache miss)
999 http fetch GET 200 https://cdn.npmmirror.com/packages/find-up/5.0.0/find-up-5.0.0.tgz 9331ms (cache miss)
1000 http fetch GET 200 https://cdn.npmmirror.com/packages/fast-deep-equal/3.1.3/fast-deep-equal-3.1.3.tgz 9332ms (cache miss)
1001 http fetch GET 200 https://cdn.npmmirror.com/packages/generator-function/2.0.1/generator-function-2.0.1.tgz 9482ms (cache miss)
1002 http fetch GET 200 https://cdn.npmmirror.com/packages/eslint-import-resolver-typescript/3.10.1/eslint-import-resolver-typescript-3.10.1.tgz 9444ms (cache miss)
1003 http fetch GET 200 https://cdn.npmmirror.com/packages/graceful-fs/4.2.11/graceful-fs-4.2.11.tgz 9642ms (cache miss)
1004 http fetch GET 200 https://cdn.npmmirror.com/packages/esrecurse/4.3.0/esrecurse-4.3.0.tgz 9578ms (cache miss)
1005 http fetch GET 200 https://cdn.npmmirror.com/packages/eslint-import-resolver-node/0.3.10/eslint-import-resolver-node-0.3.10.tgz 9568ms (cache miss)
1006 http fetch GET 200 https://cdn.npmmirror.com/packages/es-to-primitive/1.3.0/es-to-primitive-1.3.0.tgz 9568ms (cache miss)
1007 http fetch GET 200 https://cdn.npmmirror.com/packages/lie/3.3.0/lie-3.3.0.tgz 9907ms (cache miss)
1008 http fetch GET 200 https://cdn.npmmirror.com/packages/eslint-visitor-keys/4.2.1/eslint-visitor-keys-4.2.1.tgz 9747ms (cache miss)
1009 http fetch GET 200 https://cdn.npmmirror.com/packages/es-set-tostringtag/2.1.0/es-set-tostringtag-2.1.0.tgz 9721ms (cache miss)
1010 http fetch GET 200 https://cdn.npmmirror.com/packages/escape-string-regexp/4.0.0/escape-string-regexp-4.0.0.tgz 9828ms (cache miss)
1011 http fetch GET 200 https://cdn.npmmirror.com/packages/es-errors/1.3.0/es-errors-1.3.0.tgz 9816ms (cache miss)
1012 http fetch GET 200 https://cdn.npmmirror.com/packages/deep-is/0.1.4/deep-is-0.1.4.tgz 9799ms (cache miss)
1013 http fetch GET 200 https://cdn.npmmirror.com/packages/string.prototype.matchall/4.0.12/string.prototype.matchall-4.0.12.tgz 10285ms (cache miss)
1014 http fetch GET 200 https://cdn.npmmirror.com/packages/dunder-proto/1.0.1/dunder-proto-1.0.1.tgz 9920ms (cache miss)
1015 http fetch GET 200 https://cdn.npmmirror.com/packages/detect-libc/2.1.2/detect-libc-2.1.2.tgz 9928ms (cache miss)
1016 http fetch GET 200 https://cdn.npmmirror.com/packages/sprintf-js/1.0.3/sprintf-js-1.0.3.tgz 10401ms (cache miss)
1017 http fetch GET 200 https://cdn.npmmirror.com/packages/escalade/3.2.0/escalade-3.2.0.tgz 10056ms (cache miss)
1018 http fetch GET 200 https://cdn.npmmirror.com/packages/es-object-atoms/1.1.2/es-object-atoms-1.1.2.tgz 10061ms (cache miss)
1019 http fetch GET 200 https://cdn.npmmirror.com/packages/data-view-byte-offset/1.0.1/data-view-byte-offset-1.0.1.tgz 10038ms (cache miss)
1020 http fetch GET 200 https://cdn.npmmirror.com/packages/core-util-is/1.0.3/core-util-is-1.0.3.tgz 10032ms (cache miss)
1021 http fetch GET 200 https://cdn.npmmirror.com/packages/globals/14.0.0/globals-14.0.0.tgz 10267ms (cache miss)
1022 http fetch GET 200 https://cdn.npmmirror.com/packages/convert-source-map/2.0.0/convert-source-map-2.0.0.tgz 10155ms (cache miss)
1023 http fetch GET 200 https://cdn.npmmirror.com/packages/client-only/0.0.1/client-only-0.0.1.tgz 10159ms (cache miss)
1024 http fetch GET 200 https://cdn.npmmirror.com/packages/gensync/1.0.0-beta.2/gensync-1.0.0-beta.2.tgz 10431ms (cache miss)
1025 http fetch GET 200 https://cdn.npmmirror.com/packages/define-properties/1.2.1/define-properties-1.2.1.tgz 10359ms (cache miss)
1026 http fetch GET 200 https://cdn.npmmirror.com/packages/color-name/1.1.4/color-name-1.1.4.tgz 10346ms (cache miss)
1027 http fetch GET 200 https://cdn.npmmirror.com/packages/damerau-levenshtein/1.0.8/damerau-levenshtein-1.0.8.tgz 10357ms (cache miss)
1028 http fetch GET 200 https://cdn.npmmirror.com/packages/color-convert/2.0.1/color-convert-2.0.1.tgz 10532ms (cache miss)
1029 http fetch GET 200 https://cdn.npmmirror.com/packages/call-bind/1.0.9/call-bind-1.0.9.tgz 10520ms (cache miss)
1030 http fetch GET 200 https://cdn.npmmirror.com/packages/is-weakref/1.1.1/is-weakref-1.1.1.tgz 10902ms (cache miss)
1031 http fetch GET 200 https://cdn.npmmirror.com/packages/brace-expansion/1.1.15/brace-expansion-1.1.15.tgz 10699ms (cache miss)
1032 http fetch GET 200 https://cdn.npmmirror.com/packages/class-variance-authority/0.7.1/class-variance-authority-0.7.1.tgz 10867ms (cache miss)
1033 http fetch GET 200 https://cdn.npmmirror.com/packages/buffer-from/1.1.2/buffer-from-1.1.2.tgz 10865ms (cache miss)
1034 http fetch GET 200 https://cdn.npmmirror.com/packages/call-bind-apply-helpers/1.0.2/call-bind-apply-helpers-1.0.2.tgz 10879ms (cache miss)
1035 http fetch GET 200 https://cdn.npmmirror.com/packages/array.prototype.tosorted/1.1.4/array.prototype.tosorted-1.1.4.tgz 10867ms (cache miss)
1036 http fetch GET 200 https://cdn.npmmirror.com/packages/object.groupby/1.0.3/object.groupby-1.0.3.tgz 11302ms (cache miss)
1037 http fetch GET 200 https://cdn.npmmirror.com/packages/has-property-descriptors/1.0.2/has-property-descriptors-1.0.2.tgz 11161ms (cache miss)
1038 http fetch GET 200 https://cdn.npmmirror.com/packages/duck/0.1.12/duck-0.1.12.tgz 11045ms (cache miss)
1039 http fetch GET 200 https://cdn.npmmirror.com/packages/callsites/3.1.0/callsites-3.1.0.tgz 11000ms (cache miss)
1040 http fetch GET 200 https://cdn.npmmirror.com/packages/balanced-match/1.0.2/balanced-match-1.0.2.tgz 10992ms (cache miss)
1041 http fetch GET 200 https://cdn.npmmirror.com/packages/array-buffer-byte-length/1.0.2/array-buffer-byte-length-1.0.2.tgz 10973ms (cache miss)
1042 http fetch GET 200 https://cdn.npmmirror.com/packages/ansi-styles/4.3.0/ansi-styles-4.3.0.tgz 10981ms (cache miss)
1043 http fetch GET 200 https://cdn.npmmirror.com/packages/regexp.prototype.flags/1.5.4/regexp.prototype.flags-1.5.4.tgz 11574ms (cache miss)
1044 http fetch GET 200 https://cdn.npmmirror.com/packages/call-bound/1.0.4/call-bound-1.0.4.tgz 11256ms (cache miss)
1045 http fetch GET 200 https://cdn.npmmirror.com/packages/array.prototype.flatmap/1.3.3/array.prototype.flatmap-1.3.3.tgz 11239ms (cache miss)
1046 http fetch GET 200 https://cdn.npmmirror.com/packages/ast-types-flow/0.0.8/ast-types-flow-0.0.8.tgz 11234ms (cache miss)
1047 http fetch GET 200 https://cdn.npmmirror.com/packages/async-function/1.0.0/async-function-1.0.0.tgz 11244ms (cache miss)
1048 http fetch GET 200 https://cdn.npmmirror.com/packages/available-typed-arrays/1.0.7/available-typed-arrays-1.0.7.tgz 11246ms (cache miss)
1049 http fetch GET 200 https://cdn.npmmirror.com/packages/flat-cache/4.0.1/flat-cache-4.0.1.tgz 11540ms (cache miss)
1050 http fetch GET 200 https://cdn.npmmirror.com/packages/arraybuffer.prototype.slice/1.0.4/arraybuffer.prototype.slice-1.0.4.tgz 11464ms (cache miss)
1051 http fetch GET 200 https://cdn.npmmirror.com/packages/array.prototype.findlast/1.2.5/array.prototype.findlast-1.2.5.tgz 11461ms (cache miss)
1052 http fetch GET 200 https://cdn.npmmirror.com/packages/is-typed-array/1.1.15/is-typed-array-1.1.15.tgz 11872ms (cache miss)
1053 http fetch GET 200 https://cdn.npmmirror.com/packages/is-regex/1.2.1/is-regex-1.2.1.tgz 11865ms (cache miss)
1054 http fetch GET 200 https://cdn.npmmirror.com/packages/zod-validation-error/4.0.2/zod-validation-error-4.0.2.tgz 12168ms (cache miss)
1055 http fetch GET 200 https://cdn.npmmirror.com/packages/hasown/2.0.4/hasown-2.0.4.tgz 11850ms (cache miss)
1056 http fetch GET 200 https://cdn.npmmirror.com/packages/array.prototype.findlastindex/1.2.6/array.prototype.findlastindex-1.2.6.tgz 11669ms (cache miss)
1057 http fetch GET 200 https://cdn.npmmirror.com/packages/import-fresh/3.3.1/import-fresh-3.3.1.tgz 11686ms (cache miss)
1058 http fetch GET 200 https://cdn.npmmirror.com/packages/array.prototype.flat/1.3.3/array.prototype.flat-1.3.3.tgz 11672ms (cache miss)
1059 http fetch GET 200 https://cdn.npmmirror.com/packages/acorn-jsx/5.3.2/acorn-jsx-5.3.2.tgz 11666ms (cache miss)
1060 http fetch GET 200 https://cdn.npmmirror.com/packages/%40typescript-eslint/visitor-keys/8.60.1/visitor-keys-8.60.1.tgz 11661ms (cache miss)
1061 http fetch GET 200 https://cdn.npmmirror.com/packages/object.values/1.2.1/object.values-1.2.1.tgz 12128ms (cache miss)
1062 http fetch GET 200 https://cdn.npmmirror.com/packages/%40typescript-eslint/tsconfig-utils/8.60.1/tsconfig-utils-8.60.1.tgz 11871ms (cache miss)
1063 http fetch GET 200 https://cdn.npmmirror.com/packages/%40types/json5/0.0.29/json5-0.0.29.tgz 11863ms (cache miss)
1064 http fetch GET 200 https://cdn.npmmirror.com/packages/get-intrinsic/1.3.0/get-intrinsic-1.3.0.tgz 12253ms (cache miss)
1065 http fetch GET 200 https://cdn.npmmirror.com/packages/is-negative-zero/2.0.3/is-negative-zero-2.0.3.tgz 12469ms (cache miss)
1066 http fetch GET 200 https://cdn.npmmirror.com/packages/is-number-object/1.1.1/is-number-object-1.1.1.tgz 12482ms (cache miss)
1067 http fetch GET 200 https://cdn.npmmirror.com/packages/is-array-buffer/3.0.5/is-array-buffer-3.0.5.tgz 12452ms (cache miss)
1068 http fetch GET 200 https://cdn.npmmirror.com/packages/is-symbol/1.1.1/is-symbol-1.1.1.tgz 12486ms (cache miss)
1069 http fetch GET 200 https://cdn.npmmirror.com/packages/base64-js/1.5.1/base64-js-1.5.1.tgz 12279ms (cache miss)
1070 http fetch GET 200 https://cdn.npmmirror.com/packages/%40types/pdfjs-dist/2.10.377/pdfjs-dist-2.10.377.tgz 12234ms (cache miss)
1071 http fetch GET 200 https://cdn.npmmirror.com/packages/%40types/json-schema/7.0.15/json-schema-7.0.15.tgz 12236ms (cache miss)
1072 http fetch GET 200 https://cdn.npmmirror.com/packages/%40nolyfill/is-core-module/1.0.39/is-core-module-1.0.39.tgz 12224ms (cache miss)
1073 http fetch GET 200 https://cdn.npmmirror.com/packages/%40tailwindcss/oxide/4.3.0/oxide-4.3.0.tgz 12229ms (cache miss)
1074 http fetch GET 200 https://cdn.npmmirror.com/packages/%40next/env/16.2.6/env-16.2.6.tgz 12361ms (cache miss)
1075 http fetch GET 200 https://cdn.npmmirror.com/packages/%40nodelib/fs.stat/2.0.5/fs.stat-2.0.5.tgz 12372ms (cache miss)
1076 http fetch GET 200 https://cdn.npmmirror.com/packages/is-async-function/2.1.1/is-async-function-2.1.1.tgz 12818ms (cache miss)
1077 http fetch GET 200 https://cdn.npmmirror.com/packages/is-bigint/1.1.0/is-bigint-1.1.0.tgz 12834ms (cache miss)
1078 http fetch GET 200 https://cdn.npmmirror.com/packages/concat-map/0.0.1/concat-map-0.0.1.tgz 12688ms (cache miss)
1079 http fetch GET 200 https://cdn.npmmirror.com/packages/%40rtsao/scc/1.1.0/scc-1.1.0.tgz 12606ms (cache miss)
1080 http fetch GET 200 https://cdn.npmmirror.com/packages/esutils/2.0.3/esutils-2.0.3.tgz 12914ms (cache miss)
1081 http fetch GET 200 https://cdn.npmmirror.com/packages/%40humanfs/core/0.19.2/core-0.19.2.tgz 12768ms (cache miss)
1082 http fetch GET 200 https://cdn.npmmirror.com/packages/is-date-object/1.1.0/is-date-object-1.1.0.tgz 13172ms (cache miss)
1083 http fetch GET 200 https://cdn.npmmirror.com/packages/get-tsconfig/4.14.0/get-tsconfig-4.14.0.tgz 13113ms (cache miss)
1084 http fetch GET 200 https://cdn.npmmirror.com/packages/object.entries/1.1.9/object.entries-1.1.9.tgz 13432ms (cache miss)
1085 http fetch GET 200 https://cdn.npmmirror.com/packages/is-boolean-object/1.2.2/is-boolean-object-1.2.2.tgz 13312ms (cache miss)
1086 http fetch GET 200 https://cdn.npmmirror.com/packages/%40types/estree/1.0.9/estree-1.0.9.tgz 13041ms (cache miss)
1087 http fetch GET 200 https://cdn.npmmirror.com/packages/%40eslint/js/9.39.4/js-9.39.4.tgz 13032ms (cache miss)
1088 http fetch GET 200 https://cdn.npmmirror.com/packages/debug/4.4.3/debug-4.4.3.tgz 13375ms (cache miss)
1089 http fetch GET 200 https://cdn.npmmirror.com/packages/is-map/2.0.3/is-map-2.0.3.tgz 13717ms (cache miss)
1090 http fetch GET 200 https://cdn.npmmirror.com/packages/is-data-view/1.0.2/is-data-view-1.0.2.tgz 13686ms (cache miss)
1091 http fetch GET 200 https://cdn.npmmirror.com/packages/esbuild/0.25.12/esbuild-0.25.12.tgz 13590ms (cache miss)
1092 http fetch GET 200 https://cdn.npmmirror.com/packages/%40esbuild-kit/esm-loader/2.6.5/esm-loader-2.6.5.tgz 13427ms (cache miss)
1093 http fetch GET 200 https://cdn.npmmirror.com/packages/internal-slot/1.1.0/internal-slot-1.1.0.tgz 13916ms (cache miss)
1094 http fetch GET 200 https://cdn.npmmirror.com/packages/gopd/1.2.0/gopd-1.2.0.tgz 13892ms (cache miss)
1095 http fetch GET 200 https://cdn.npmmirror.com/packages/dingbat-to-unicode/1.0.1/dingbat-to-unicode-1.0.1.tgz 13776ms (cache miss)
1096 http fetch GET 200 https://cdn.npmmirror.com/packages/%40esbuild-kit/core-utils/3.3.2/core-utils-3.3.2.tgz 13642ms (cache miss)
1097 http fetch GET 200 https://cdn.npmmirror.com/packages/chalk/4.1.2/chalk-4.1.2.tgz 13938ms (cache miss)
1098 http fetch GET 200 https://cdn.npmmirror.com/packages/%40humanfs/types/0.15.0/types-0.15.0.tgz 13821ms (cache miss)
1099 http fetch GET 200 https://cdn.npmmirror.com/packages/%40babel/helper-compilation-targets/7.29.7/helper-compilation-targets-7.29.7.tgz 13781ms (cache miss)
1100 http fetch GET 200 https://cdn.npmmirror.com/packages/%40babel/helper-module-imports/7.29.7/helper-module-imports-7.29.7.tgz 13785ms (cache miss)
1101 http fetch GET 200 https://cdn.npmmirror.com/packages/source-map-js/1.2.1/source-map-js-1.2.1.tgz 14424ms (cache miss)
1102 warn deprecated @esbuild-kit/esm-loader@2.6.5: Merged into tsx: https://tsx.is
1103 http fetch GET 200 https://cdn.npmmirror.com/packages/%40babel/helper-validator-identifier/7.29.7/helper-validator-identifier-7.29.7.tgz 13859ms (cache miss)
1104 http fetch GET 200 https://cdn.npmmirror.com/packages/is-generator-function/1.1.2/is-generator-function-1.1.2.tgz 14268ms (cache miss)
1105 http fetch GET 200 https://cdn.npmmirror.com/packages/%40babel/helper-globals/7.29.7/helper-globals-7.29.7.tgz 13932ms (cache miss)
1106 http fetch GET 200 https://cdn.npmmirror.com/packages/adler-32/1.3.1/adler-32-1.3.1.tgz 14114ms (cache miss)
1107 http fetch GET 200 https://cdn.npmmirror.com/packages/%40babel/helper-validator-option/7.29.7/helper-validator-option-7.29.7.tgz 14087ms (cache miss)
1108 http fetch GET 200 https://cdn.npmmirror.com/packages/%40babel/compat-data/7.29.7/compat-data-7.29.7.tgz 14068ms (cache miss)
1109 http fetch GET 200 https://cdn.npmmirror.com/packages/glob-parent/5.1.2/glob-parent-5.1.2.tgz 14047ms (cache miss)
1110 http fetch GET 200 https://cdn.npmmirror.com/packages/isarray/1.0.0/isarray-1.0.0.tgz 14055ms (cache miss)
1111 http fetch GET 200 https://cdn.npmmirror.com/packages/get-symbol-description/1.1.0/get-symbol-description-1.1.0.tgz 14410ms (cache miss)
1112 http fetch GET 200 https://cdn.npmmirror.com/packages/es-define-property/1.0.1/es-define-property-1.0.1.tgz 14320ms (cache miss)
1113 http fetch GET 200 https://cdn.npmmirror.com/packages/tapable/2.3.3/tapable-2.3.3.tgz 14858ms (cache miss)
1114 http fetch GET 200 https://cdn.npmmirror.com/packages/%40img/colour/1.1.0/colour-1.1.0.tgz 14474ms (cache miss)
1115 http fetch GET 200 https://cdn.npmmirror.com/packages/%40alloc/quick-lru/5.2.0/quick-lru-5.2.0.tgz 14479ms (cache miss)
1116 http fetch GET 200 https://cdn.npmmirror.com/packages/doctrine/2.1.0/doctrine-2.1.0.tgz 14804ms (cache miss)
1117 http fetch GET 200 https://cdn.npmmirror.com/packages/crc-32/1.2.2/crc-32-1.2.2.tgz 14793ms (cache miss)
1118 http fetch GET 200 https://cdn.npmmirror.com/packages/%40typescript-eslint/parser/8.60.1/parser-8.60.1.tgz 14713ms (cache miss)
1119 http fetch GET 200 https://cdn.npmmirror.com/packages/data-view-byte-length/1.0.2/data-view-byte-length-1.0.2.tgz 14817ms (cache miss)
1120 http fetch GET 200 https://cdn.npmmirror.com/packages/eslint-visitor-keys/3.4.3/eslint-visitor-keys-3.4.3.tgz 14602ms (cache miss)
1121 http fetch GET 200 https://cdn.npmmirror.com/packages/function-bind/1.1.2/function-bind-1.1.2.tgz 14986ms (cache miss)
1122 http fetch GET 200 https://cdn.npmmirror.com/packages/eslint-config-next/16.2.6/eslint-config-next-16.2.6.tgz 14957ms (cache miss)
1123 http fetch GET 200 https://cdn.npmmirror.com/packages/define-data-property/1.1.4/define-data-property-1.1.4.tgz 14971ms (cache miss)
1124 http fetch GET 200 https://cdn.npmmirror.com/packages/es-shim-unscopables/1.1.0/es-shim-unscopables-1.1.0.tgz 15076ms (cache miss)
1125 http fetch GET 200 https://cdn.npmmirror.com/packages/data-view-buffer/1.0.2/data-view-buffer-1.0.2.tgz 15049ms (cache miss)
1126 http fetch GET 200 https://cdn.npmmirror.com/packages/json-stable-stringify-without-jsonify/1.0.1/json-stable-stringify-without-jsonify-1.0.1.tgz 15351ms (cache miss)
1127 http fetch GET 200 https://cdn.npmmirror.com/packages/magic-string/0.30.21/magic-string-0.30.21.tgz 15398ms (cache miss)
1128 http fetch GET 200 https://cdn.npmmirror.com/packages/espree/10.4.0/espree-10.4.0.tgz 15196ms (cache miss)
1129 http fetch GET 200 https://cdn.npmmirror.com/packages/argparse/2.0.1/argparse-2.0.1.tgz 15083ms (cache miss)
1130 warn deprecated @esbuild-kit/core-utils@3.3.2: Merged into tsx: https://tsx.is
1131 http fetch GET 200 https://cdn.npmmirror.com/packages/%40babel/helper-string-parser/7.29.7/helper-string-parser-7.29.7.tgz 14981ms (cache miss)
1132 http fetch GET 200 https://cdn.npmmirror.com/packages/%40eslint/core/0.17.0/core-0.17.0.tgz 15062ms (cache miss)
1133 http fetch GET 200 https://cdn.npmmirror.com/packages/%40babel/code-frame/7.29.7/code-frame-7.29.7.tgz 15019ms (cache miss)
1134 http fetch GET 200 https://cdn.npmmirror.com/packages/browserslist/4.28.2/browserslist-4.28.2.tgz 15330ms (cache miss)
1135 http fetch GET 200 https://cdn.npmmirror.com/packages/object.assign/4.1.7/object.assign-4.1.7.tgz 15706ms (cache miss)
1136 http fetch GET 200 https://cdn.npmmirror.com/packages/clsx/2.1.1/clsx-2.1.1.tgz 15405ms (cache miss)
1137 http fetch GET 200 https://cdn.npmmirror.com/packages/cross-spawn/7.0.6/cross-spawn-7.0.6.tgz 15629ms (cache miss)
1138 http fetch GET 200 https://cdn.npmmirror.com/packages/%40tailwindcss/postcss/4.3.0/postcss-4.3.0.tgz 15551ms (cache miss)
1139 http fetch GET 200 https://cdn.npmmirror.com/packages/%40typescript-eslint/project-service/8.60.1/project-service-8.60.1.tgz 15729ms (cache miss)
1140 http fetch GET 200 https://cdn.npmmirror.com/packages/fastq/1.20.1/fastq-1.20.1.tgz 15944ms (cache miss)
1141 http fetch GET 200 https://cdn.npmmirror.com/packages/ignore/7.0.5/ignore-7.0.5.tgz 15648ms (cache miss)
1142 http fetch GET 200 https://cdn.npmmirror.com/packages/electron-to-chromium/1.5.368/electron-to-chromium-1.5.368.tgz 15925ms (cache miss)
1143 http fetch GET 200 https://cdn.npmmirror.com/packages/braces/3.0.3/braces-3.0.3.tgz 15881ms (cache miss)
1144 http fetch GET 200 https://cdn.npmmirror.com/packages/%40humanfs/node/0.16.8/node-0.16.8.tgz 15771ms (cache miss)
1145 http fetch GET 200 https://cdn.npmmirror.com/packages/has-tostringtag/1.0.2/has-tostringtag-1.0.2.tgz 16109ms (cache miss)
1146 http fetch GET 200 https://cdn.npmmirror.com/packages/baseline-browser-mapping/2.10.33/baseline-browser-mapping-2.10.33.tgz 15922ms (cache miss)
1147 http fetch GET 200 https://cdn.npmmirror.com/packages/flatted/3.4.2/flatted-3.4.2.tgz 16094ms (cache miss)
1148 http fetch GET 200 https://cdn.npmmirror.com/packages/%40jridgewell/resolve-uri/3.1.2/resolve-uri-3.1.2.tgz 15890ms (cache miss)
1149 http fetch GET 200 https://cdn.npmmirror.com/packages/%40napi-rs/canvas/0.1.100/canvas-0.1.100.tgz 15919ms (cache miss)
1150 http fetch GET 200 https://cdn.npmmirror.com/packages/globalthis/1.0.4/globalthis-1.0.4.tgz 16271ms (cache miss)
1151 http fetch GET 200 https://cdn.npmmirror.com/packages/fdir/6.5.0/fdir-6.5.0.tgz 15948ms (cache miss)
1152 http fetch GET 200 https://cdn.npmmirror.com/packages/globals/16.4.0/globals-16.4.0.tgz 15933ms (cache miss)
1153 http fetch GET 200 https://cdn.npmmirror.com/packages/%40humanwhocodes/retry/0.4.3/retry-0.4.3.tgz 16073ms (cache miss)
1154 http fetch GET 200 https://cdn.npmmirror.com/packages/esbuild/0.28.0/esbuild-0.28.0.tgz 16020ms (cache miss)
1155 http fetch GET 200 https://cdn.npmmirror.com/packages/%40humanwhocodes/module-importer/1.0.1/module-importer-1.0.1.tgz 16146ms (cache miss)
1156 http fetch GET 200 https://cdn.npmmirror.com/packages/esbuild/0.18.20/esbuild-0.18.20.tgz 16108ms (cache miss)
1157 http fetch GET 200 https://cdn.npmmirror.com/packages/emoji-regex/9.2.2/emoji-regex-9.2.2.tgz 16425ms (cache miss)
1158 http fetch GET 200 https://cdn.npmmirror.com/packages/dotenv/17.4.2/dotenv-17.4.2.tgz 16453ms (cache miss)
1159 http fetch GET 200 https://cdn.npmmirror.com/packages/%40tanstack/react-virtual/3.14.2/react-virtual-3.14.2.tgz 16323ms (cache miss)
1160 http fetch GET 200 https://cdn.npmmirror.com/packages/debug/3.2.7/debug-3.2.7.tgz 16213ms (cache miss)
1161 http fetch GET 200 https://cdn.npmmirror.com/packages/debug/3.2.7/debug-3.2.7.tgz 16208ms (cache miss)
1162 http fetch GET 200 https://cdn.npmmirror.com/packages/eslint-visitor-keys/5.0.1/eslint-visitor-keys-5.0.1.tgz 16308ms (cache miss)
1163 http fetch GET 200 https://cdn.npmmirror.com/packages/readable-stream/2.3.8/readable-stream-2.3.8.tgz 16913ms (cache miss)
1164 http fetch GET 200 https://cdn.npmmirror.com/packages/debug/3.2.7/debug-3.2.7.tgz 16326ms (cache miss)
1165 http fetch GET 200 https://cdn.npmmirror.com/packages/%40drizzle-team/brocli/0.10.2/brocli-0.10.2.tgz 16448ms (cache miss)
1166 http fetch GET 200 https://cdn.npmmirror.com/packages/%40eslint-community/regexpp/4.12.2/regexpp-4.12.2.tgz 16465ms (cache miss)
1167 http fetch GET 200 https://cdn.npmmirror.com/packages/eslint-scope/8.4.0/eslint-scope-8.4.0.tgz 16722ms (cache miss)
1168 http fetch GET 200 https://cdn.npmmirror.com/packages/picomatch/4.0.4/picomatch-4.0.4.tgz 16463ms (cache miss)
1169 http fetch GET 200 https://cdn.npmmirror.com/packages/%40tailwindcss/node/4.3.0/node-4.3.0.tgz 16602ms (cache miss)
1170 http fetch GET 200 https://cdn.npmmirror.com/packages/%40types/react-dom/19.2.3/react-dom-19.2.3.tgz 16631ms (cache miss)
1171 http fetch GET 200 https://cdn.npmmirror.com/packages/array-includes/3.1.9/array-includes-3.1.9.tgz 16694ms (cache miss)
1172 http fetch GET 200 https://cdn.npmmirror.com/packages/%40eslint/object-schema/2.1.7/object-schema-2.1.7.tgz 16713ms (cache miss)
1173 http fetch GET 200 https://cdn.npmmirror.com/packages/%40neondatabase/serverless/1.1.0/serverless-1.1.0.tgz 16752ms (cache miss)
1174 http fetch GET 200 https://cdn.npmmirror.com/packages/xmlbuilder/10.1.1/xmlbuilder-10.1.1.tgz 17379ms (cache miss)
1175 http fetch GET 200 https://cdn.npmmirror.com/packages/minimist/1.2.8/minimist-1.2.8.tgz 17172ms (cache miss)
1176 http fetch GET 200 https://cdn.npmmirror.com/packages/%40typescript-eslint/types/8.60.1/types-8.60.1.tgz 16888ms (cache miss)
1177 http fetch GET 200 https://cdn.npmmirror.com/packages/%40xmldom/xmldom/0.8.13/xmldom-0.8.13.tgz 16899ms (cache miss)
1178 http fetch GET 200 https://cdn.npmmirror.com/packages/%40eslint/config-helpers/0.4.2/config-helpers-0.4.2.tgz 16810ms (cache miss)
1179 http fetch GET 200 https://cdn.npmmirror.com/packages/%40eslint/plugin-kit/0.4.1/plugin-kit-0.4.1.tgz 16830ms (cache miss)
1180 http fetch GET 200 https://cdn.npmmirror.com/packages/nanoid/3.3.12/nanoid-3.3.12.tgz 17286ms (cache miss)
1181 http fetch GET 200 https://cdn.npmmirror.com/packages/hermes-estree/0.25.1/hermes-estree-0.25.1.tgz 17184ms (cache miss)
1182 http fetch GET 200 https://cdn.npmmirror.com/packages/cfb/1.2.2/cfb-1.2.2.tgz 17005ms (cache miss)
1183 http fetch GET 200 https://cdn.npmmirror.com/packages/styled-jsx/5.1.6/styled-jsx-5.1.6.tgz 17543ms (cache miss)
1184 http fetch GET 200 https://cdn.npmmirror.com/packages/%40eslint-community/eslint-utils/4.9.1/eslint-utils-4.9.1.tgz 16942ms (cache miss)
1185 http fetch GET 200 https://cdn.npmmirror.com/packages/json5/2.2.3/json5-2.2.3.tgz 17375ms (cache miss)
1186 http fetch GET 200 https://cdn.npmmirror.com/packages/json5/1.0.2/json5-1.0.2.tgz 16956ms (cache miss)
1187 http fetch GET 200 https://cdn.npmmirror.com/packages/acorn/8.16.0/acorn-8.16.0.tgz 17162ms (cache miss)
1188 http fetch GET 200 https://cdn.npmmirror.com/packages/napi-postinstall/0.3.4/napi-postinstall-0.3.4.tgz 17541ms (cache miss)
1189 http fetch GET 200 https://cdn.npmmirror.com/packages/undici-types/6.21.0/undici-types-6.21.0.tgz 17731ms (cache miss)
1190 http fetch GET 200 https://cdn.npmmirror.com/packages/react/19.2.4/react-19.2.4.tgz 17690ms (cache miss)
1191 http fetch GET 200 https://cdn.npmmirror.com/packages/source-map/0.6.1/source-map-0.6.1.tgz 17801ms (cache miss)
1192 http fetch GET 200 https://cdn.npmmirror.com/packages/csstype/3.2.3/csstype-3.2.3.tgz 17647ms (cache miss)
1193 http fetch GET 200 https://cdn.npmmirror.com/packages/lop/0.4.2/lop-0.4.2.tgz 17992ms (cache miss)
1194 http fetch GET 200 https://cdn.npmmirror.com/packages/%40types/react/19.2.16/react-19.2.16.tgz 17649ms (cache miss)
1195 http fetch GET 200 https://cdn.npmmirror.com/packages/%40emnapi/wasi-threads/1.2.1/wasi-threads-1.2.1.tgz 17612ms (cache miss)
1196 http fetch GET 200 https://cdn.npmmirror.com/packages/balanced-match/4.0.4/balanced-match-4.0.4.tgz 17681ms (cache miss)
1197 http fetch GET 200 https://cdn.npmmirror.com/packages/lightningcss/1.32.0/lightningcss-1.32.0.tgz 17846ms (cache miss)
1198 http fetch GET 200 https://cdn.npmmirror.com/packages/brace-expansion/5.0.6/brace-expansion-5.0.6.tgz 17731ms (cache miss)
1199 http fetch GET 200 https://cdn.npmmirror.com/packages/math-intrinsics/1.1.0/math-intrinsics-1.1.0.tgz 18267ms (cache miss)
1200 http fetch GET 200 https://cdn.npmmirror.com/packages/%40babel/helper-module-transforms/7.29.7/helper-module-transforms-7.29.7.tgz 17915ms (cache miss)
1201 http fetch GET 200 https://cdn.npmmirror.com/packages/eslint-module-utils/2.13.0/eslint-module-utils-2.13.0.tgz 18246ms (cache miss)
1202 http fetch GET 200 https://cdn.npmmirror.com/packages/%40babel/template/7.29.7/template-7.29.7.tgz 18017ms (cache miss)
1203 http fetch GET 200 https://cdn.npmmirror.com/packages/esquery/1.7.0/esquery-1.7.0.tgz 18266ms (cache miss)
1204 http fetch GET 200 https://cdn.npmmirror.com/packages/%40emnapi/runtime/1.10.0/runtime-1.10.0.tgz 18139ms (cache miss)
1205 http fetch GET 200 https://cdn.npmmirror.com/packages/object-inspect/1.13.4/object-inspect-1.13.4.tgz 18626ms (cache miss)
1206 http fetch GET 200 https://cdn.npmmirror.com/packages/%40eslint/config-array/0.21.2/config-array-0.21.2.tgz 18221ms (cache miss)
1207 http fetch GET 200 https://cdn.npmmirror.com/packages/%40unrs/resolver-binding-win32-x64-msvc/1.12.2/resolver-binding-win32-x64-msvc-1.12.2.tgz 18844ms (cache miss)
1208 http fetch GET 200 https://cdn.npmmirror.com/packages/%40nodelib/fs.scandir/2.1.5/fs.scandir-2.1.5.tgz 18827ms (cache miss)
1209 http fetch GET 200 https://cdn.npmmirror.com/packages/sharp/0.34.5/sharp-0.34.5.tgz 19381ms (cache miss)
1210 http fetch GET 200 https://cdn.npmmirror.com/packages/%40jridgewell/sourcemap-codec/1.5.5/sourcemap-codec-1.5.5.tgz 18871ms (cache miss)
1211 http fetch GET 200 https://cdn.npmmirror.com/packages/language-subtag-registry/0.3.23/language-subtag-registry-0.3.23.tgz 19297ms (cache miss)
1212 http fetch GET 200 https://cdn.npmmirror.com/packages/tailwindcss/4.3.0/tailwindcss-4.3.0.tgz 19508ms (cache miss)
1213 http fetch GET 200 https://cdn.npmmirror.com/packages/pako/1.0.11/pako-1.0.11.tgz 19404ms (cache miss)
1214 http fetch GET 200 https://cdn.npmmirror.com/packages/jiti/2.7.0/jiti-2.7.0.tgz 19365ms (cache miss)
1215 http fetch GET 200 https://cdn.npmmirror.com/packages/%40nodelib/fs.walk/1.2.8/fs.walk-1.2.8.tgz 19122ms (cache miss)
1216 http fetch GET 200 https://cdn.npmmirror.com/packages/%40babel/parser/7.29.7/parser-7.29.7.tgz 19073ms (cache miss)
1217 http fetch GET 200 https://cdn.npmmirror.com/packages/%40jridgewell/remapping/2.3.5/remapping-2.3.5.tgz 19332ms (cache miss)
1218 http fetch GET 200 https://cdn.npmmirror.com/packages/%40tanstack/virtual-core/3.17.0/virtual-core-3.17.0.tgz 19358ms (cache miss)
1219 http fetch GET 200 https://cdn.npmmirror.com/packages/tailwind-merge/3.6.0/tailwind-merge-3.6.0.tgz 19976ms (cache miss)
1220 http fetch GET 200 https://cdn.npmmirror.com/packages/%40jridgewell/gen-mapping/0.3.13/gen-mapping-0.3.13.tgz 19417ms (cache miss)
1221 http fetch GET 200 https://cdn.npmmirror.com/packages/argparse/1.0.10/argparse-1.0.10.tgz 19601ms (cache miss)
1222 http fetch GET 200 https://cdn.npmmirror.com/packages/zustand/5.0.14/zustand-5.0.14.tgz 20392ms (cache miss)
1223 http fetch GET 200 https://cdn.npmmirror.com/packages/%40emnapi/core/1.10.0/core-1.10.0.tgz 19823ms (cache miss)
1224 http fetch GET 200 https://cdn.npmmirror.com/packages/%40tailwindcss/oxide-win32-x64-msvc/4.3.0/oxide-win32-x64-msvc-4.3.0.tgz 20395ms (cache miss)
1225 http fetch GET 200 https://cdn.npmmirror.com/packages/js-yaml/4.2.0/js-yaml-4.2.0.tgz 20887ms (cache miss)
1226 http fetch GET 200 https://cdn.npmmirror.com/packages/%40eslint/eslintrc/3.3.5/eslintrc-3.3.5.tgz 20532ms (cache miss)
1227 http fetch GET 200 https://cdn.npmmirror.com/packages/postcss/8.5.15/postcss-8.5.15.tgz 21233ms (cache miss)
1228 http fetch GET 200 https://cdn.npmmirror.com/packages/eslint-plugin-react-hooks/7.1.1/eslint-plugin-react-hooks-7.1.1.tgz 21116ms (cache miss)
1229 http fetch GET 200 https://cdn.npmmirror.com/packages/tsx/4.22.4/tsx-4.22.4.tgz 21516ms (cache miss)
1230 http fetch GET 200 https://cdn.npmmirror.com/packages/%40typescript-eslint/type-utils/8.60.1/type-utils-8.60.1.tgz 21098ms (cache miss)
1231 http fetch GET 200 https://cdn.npmmirror.com/packages/%40jridgewell/trace-mapping/0.3.31/trace-mapping-0.3.31.tgz 21249ms (cache miss)
1232 http fetch GET 200 https://cdn.npmmirror.com/packages/semver/7.8.2/semver-7.8.2.tgz 21229ms (cache miss)
1233 http fetch GET 200 https://cdn.npmmirror.com/packages/semver/7.8.2/semver-7.8.2.tgz 21227ms (cache miss)
1234 http fetch GET 200 https://cdn.npmmirror.com/packages/semver/7.8.2/semver-7.8.2.tgz 21243ms (cache miss)
1235 http fetch GET 200 https://cdn.npmmirror.com/packages/jszip/3.10.1/jszip-3.10.1.tgz 21825ms (cache miss)
1236 http fetch GET 200 https://cdn.npmmirror.com/packages/enhanced-resolve/5.22.2/enhanced-resolve-5.22.2.tgz 21746ms (cache miss)
1237 http fetch GET 200 https://cdn.npmmirror.com/packages/uri-js/4.4.1/uri-js-4.4.1.tgz 22203ms (cache miss)
1238 http fetch GET 200 https://cdn.npmmirror.com/packages/axe-core/4.12.0/axe-core-4.12.0.tgz 21770ms (cache miss)
1239 http fetch GET 200 https://cdn.npmmirror.com/packages/postcss/8.4.31/postcss-8.4.31.tgz 21673ms (cache miss)
1240 http fetch GET 200 https://cdn.npmmirror.com/packages/%40babel/generator/7.29.7/generator-7.29.7.tgz 21806ms (cache miss)
1241 http fetch GET 200 https://cdn.npmmirror.com/packages/bluebird/3.4.7/bluebird-3.4.7.tgz 22016ms (cache miss)
1242 http fetch GET 200 https://cdn.npmmirror.com/packages/%40tybys/wasm-util/0.10.2/wasm-util-0.10.2.tgz 21954ms (cache miss)
1243 http fetch GET 200 https://cdn.npmmirror.com/packages/hermes-parser/0.25.1/hermes-parser-0.25.1.tgz 22257ms (cache miss)
1244 http fetch GET 200 https://cdn.npmmirror.com/packages/fast-glob/3.3.1/fast-glob-3.3.1.tgz 22532ms (cache miss)
1245 http fetch GET 200 https://cdn.npmmirror.com/packages/%40next/eslint-plugin-next/16.2.6/eslint-plugin-next-16.2.6.tgz 22354ms (cache miss)
1246 http fetch GET 200 https://cdn.npmmirror.com/packages/%40napi-rs/wasm-runtime/1.1.4/wasm-runtime-1.1.4.tgz 22348ms (cache miss)
1247 http fetch GET 200 https://cdn.npmmirror.com/packages/%40types/node/20.19.41/node-20.19.41.tgz 22682ms (cache miss)
1248 http fetch GET 200 https://cdn.npmmirror.com/packages/minimatch/10.2.5/minimatch-10.2.5.tgz 22556ms (cache miss)
1249 http fetch GET 200 https://cdn.npmmirror.com/packages/tsconfig-paths/3.15.0/tsconfig-paths-3.15.0.tgz 23262ms (cache miss)
1250 http fetch GET 200 https://cdn.npmmirror.com/packages/%40babel/traverse/7.29.7/traverse-7.29.7.tgz 23373ms (cache miss)
1251 http fetch GET 200 https://cdn.npmmirror.com/packages/xlsx/0.18.5/xlsx-0.18.5.tgz 24169ms (cache miss)
1252 http fetch GET 200 https://cdn.npmmirror.com/packages/%40typescript-eslint/typescript-estree/8.60.1/typescript-estree-8.60.1.tgz 23996ms (cache miss)
1253 http fetch GET 200 https://cdn.npmmirror.com/packages/react-dom/19.2.4/react-dom-19.2.4.tgz 24452ms (cache miss)
1254 http fetch GET 200 https://cdn.npmmirror.com/packages/lightningcss-win32-x64-msvc/1.32.0/lightningcss-win32-x64-msvc-1.32.0.tgz 24391ms (cache miss)
1255 http fetch GET 200 https://cdn.npmmirror.com/packages/%40typescript-eslint/utils/8.60.1/utils-8.60.1.tgz 24102ms (cache miss)
1256 http fetch GET 200 https://cdn.npmmirror.com/packages/drizzle-kit/0.31.10/drizzle-kit-0.31.10.tgz 24350ms (cache miss)
1257 http fetch GET 200 https://cdn.npmmirror.com/packages/%40esbuild/win32-x64/0.18.20/win32-x64-0.18.20.tgz 24160ms (cache miss)
1258 http fetch GET 200 https://cdn.npmmirror.com/packages/ajv/6.15.0/ajv-6.15.0.tgz 24434ms (cache miss)
1259 http fetch GET 200 https://cdn.npmmirror.com/packages/jsx-ast-utils/3.3.5/jsx-ast-utils-3.3.5.tgz 25039ms (cache miss)
1260 http fetch GET 200 https://cdn.npmmirror.com/packages/%40esbuild/win32-x64/0.25.12/win32-x64-0.25.12.tgz 24658ms (cache miss)
1261 http fetch GET 200 https://cdn.npmmirror.com/packages/es-iterator-helpers/1.3.2/es-iterator-helpers-1.3.2.tgz 24883ms (cache miss)
1262 http fetch GET 200 https://cdn.npmmirror.com/packages/resolve/2.0.0-next.7/resolve-2.0.0-next.7.tgz 25451ms (cache miss)
1263 http fetch GET 200 https://cdn.npmmirror.com/packages/%40esbuild/win32-x64/0.28.0/win32-x64-0.28.0.tgz 24963ms (cache miss)
1264 http fetch GET 200 https://cdn.npmmirror.com/packages/mammoth/1.12.0/mammoth-1.12.0.tgz 25811ms (cache miss)
1265 http fetch GET 200 https://cdn.npmmirror.com/packages/eslint-plugin-import/2.32.0/eslint-plugin-import-2.32.0.tgz 26084ms (cache miss)
1266 http fetch GET 200 https://cdn.npmmirror.com/packages/%40babel/core/7.29.7/core-7.29.7.tgz 25912ms (cache miss)
1267 http fetch GET 200 https://cdn.npmmirror.com/packages/axobject-query/4.1.0/axobject-query-4.1.0.tgz 26608ms (cache miss)
1268 http fetch GET 200 https://cdn.npmmirror.com/packages/codepage/1.15.0/codepage-1.15.0.tgz 26926ms (cache miss)
1269 http fetch GET 200 https://cdn.npmmirror.com/packages/%40img/sharp-win32-x64/0.34.5/sharp-win32-x64-0.34.5.tgz 27018ms (cache miss)
1270 http fetch GET 200 https://cdn.npmmirror.com/packages/%40babel/types/7.29.7/types-7.29.7.tgz 27548ms (cache miss)
1271 http fetch GET 200 https://cdn.npmmirror.com/packages/aria-query/5.3.2/aria-query-5.3.2.tgz 27976ms (cache miss)
1272 http fetch GET 200 https://cdn.npmmirror.com/packages/eslint-plugin-jsx-a11y/6.10.2/eslint-plugin-jsx-a11y-6.10.2.tgz 28578ms (cache miss)
1273 http fetch GET 200 https://cdn.npmmirror.com/packages/%40babel/helpers/7.29.7/helpers-7.29.7.tgz 28489ms (cache miss)
1274 http fetch GET 200 https://cdn.npmmirror.com/packages/typescript/5.9.3/typescript-5.9.3.tgz 29586ms (cache miss)
1275 http fetch GET 200 https://cdn.npmmirror.com/packages/%40napi-rs/canvas-win32-x64-msvc/0.1.100/canvas-win32-x64-msvc-0.1.100.tgz 29456ms (cache miss)
1276 http fetch GET 200 https://cdn.npmmirror.com/packages/%40swc/helpers/0.5.15/helpers-0.5.15.tgz 29745ms (cache miss)
1277 http fetch GET 200 https://cdn.npmmirror.com/packages/%40typescript-eslint/scope-manager/8.60.1/scope-manager-8.60.1.tgz 30131ms (cache miss)
1278 http fetch GET 200 https://cdn.npmmirror.com/packages/underscore/1.13.8/underscore-1.13.8.tgz 30872ms (cache miss)
1279 http fetch GET 200 https://cdn.npmmirror.com/packages/eslint-plugin-react/7.37.5/eslint-plugin-react-7.37.5.tgz 30834ms (cache miss)
1280 http fetch GET 200 https://cdn.npmmirror.com/packages/eslint/9.39.4/eslint-9.39.4.tgz 31283ms (cache miss)
1281 http fetch GET 200 https://cdn.npmmirror.com/packages/%40typescript-eslint/eslint-plugin/8.60.1/eslint-plugin-8.60.1.tgz 31489ms (cache miss)
1282 http fetch GET 200 https://cdn.npmmirror.com/packages/pdfjs-dist/4.10.38/pdfjs-dist-4.10.38.tgz 32744ms (cache miss)
1283 http fetch GET 200 https://cdn.npmmirror.com/packages/zod/4.4.3/zod-4.4.3.tgz 34518ms (cache miss)
1284 http fetch GET 200 https://cdn.npmmirror.com/packages/caniuse-lite/1.0.30001793/caniuse-lite-1.0.30001793.tgz 34199ms (cache miss)
1285 http fetch GET 200 https://cdn.npmmirror.com/packages/%40next/swc-win32-x64-msvc/16.2.6/swc-win32-x64-msvc-16.2.6.tgz 35131ms (cache miss)
1286 http fetch GET 200 https://cdn.npmmirror.com/packages/es-abstract/1.24.2/es-abstract-1.24.2.tgz 38923ms (cache miss)
1287 http fetch GET 200 https://cdn.npmmirror.com/packages/drizzle-orm/0.45.2/drizzle-orm-0.45.2.tgz 41095ms (cache miss)
1288 http fetch GET 200 https://cdn.npmmirror.com/packages/lucide-react/1.17.0/lucide-react-1.17.0.tgz 49427ms (cache miss)
1289 http fetch GET 200 https://cdn.npmmirror.com/packages/next/16.2.6/next-16.2.6.tgz 70976ms (cache miss)
1290 info run sharp@0.34.5 install node_modules/sharp node install/check.js || npm run build
1291 info run sharp@0.34.5 install { code: 0, signal: null }
1292 info run esbuild@0.25.12 postinstall node_modules/esbuild node install.js
1293 info run unrs-resolver@1.12.2 postinstall node_modules/unrs-resolver node postinstall.js
1294 info run esbuild@0.18.20 postinstall node_modules/@esbuild-kit/core-utils/node_modules/esbuild node install.js
1295 info run esbuild@0.28.0 postinstall node_modules/tsx/node_modules/esbuild node install.js
1296 info run unrs-resolver@1.12.2 postinstall { code: 0, signal: null }
1297 info run esbuild@0.25.12 postinstall { code: 0, signal: null }
1298 info run esbuild@0.18.20 postinstall { code: 0, signal: null }
1299 info run esbuild@0.28.0 postinstall { code: 0, signal: null }
1300 silly ADD node_modules/zustand
1301 silly ADD node_modules/zod-validation-error
1302 silly ADD node_modules/zod
1303 silly ADD node_modules/yocto-queue
1304 silly ADD node_modules/yallist
1305 silly ADD node_modules/xmlbuilder
1306 silly ADD node_modules/xlsx
1307 silly ADD node_modules/word-wrap
1308 silly ADD node_modules/word
1309 silly ADD node_modules/wmf
1310 silly ADD node_modules/which-typed-array
1311 silly ADD node_modules/which-collection
1312 silly ADD node_modules/which-builtin-type
1313 silly ADD node_modules/which-boxed-primitive
1314 silly ADD node_modules/which
1315 silly ADD node_modules/util-deprecate
1316 silly ADD node_modules/uri-js
1317 silly ADD node_modules/update-browserslist-db
1318 silly ADD node_modules/unrs-resolver
1319 silly ADD node_modules/undici-types
1320 silly ADD node_modules/underscore
1321 silly ADD node_modules/unbox-primitive
1322 silly ADD node_modules/typescript-eslint
1323 silly ADD node_modules/typescript
1324 silly ADD node_modules/typed-array-length
1325 silly ADD node_modules/typed-array-byte-offset
1326 silly ADD node_modules/typed-array-byte-length
1327 silly ADD node_modules/typed-array-buffer
1328 silly ADD node_modules/type-check
1329 silly ADD node_modules/tsx
1330 silly ADD node_modules/tsx/node_modules/esbuild
1331 silly ADD node_modules/tsx/node_modules/@esbuild/win32-x64
1332 silly ADD node_modules/tslib
1333 silly ADD node_modules/tsconfig-paths
1334 silly ADD node_modules/tsconfig-paths/node_modules/json5
1335 silly ADD node_modules/ts-api-utils
1336 silly ADD node_modules/to-regex-range
1337 silly ADD node_modules/tinyglobby
1338 silly ADD node_modules/tinyglobby/node_modules/picomatch
1339 silly ADD node_modules/tinyglobby/node_modules/fdir
1340 silly ADD node_modules/tapable
1341 silly ADD node_modules/tailwindcss
1342 silly ADD node_modules/tailwind-merge
1343 silly ADD node_modules/supports-preserve-symlinks-flag
1344 silly ADD node_modules/supports-color
1345 silly ADD node_modules/styled-jsx
1346 silly ADD node_modules/strip-json-comments
1347 silly ADD node_modules/strip-bom
1348 silly ADD node_modules/string.prototype.trimstart
1349 silly ADD node_modules/string.prototype.trimend
1350 silly ADD node_modules/string.prototype.trim
1351 silly ADD node_modules/string.prototype.repeat
1352 silly ADD node_modules/string.prototype.matchall
1353 silly ADD node_modules/string.prototype.includes
1354 silly ADD node_modules/string_decoder
1355 silly ADD node_modules/stop-iteration-iterator
1356 silly ADD node_modules/stable-hash
1357 silly ADD node_modules/ssf
1358 silly ADD node_modules/sprintf-js
1359 silly ADD node_modules/source-map-support
1360 silly ADD node_modules/source-map-js
1361 silly ADD node_modules/source-map
1362 silly ADD node_modules/side-channel-weakmap
1363 silly ADD node_modules/side-channel-map
1364 silly ADD node_modules/side-channel-list
1365 silly ADD node_modules/side-channel
1366 silly ADD node_modules/shebang-regex
1367 silly ADD node_modules/shebang-command
1368 silly ADD node_modules/sharp
1369 silly ADD node_modules/sharp/node_modules/semver
1370 silly ADD node_modules/setimmediate
1371 silly ADD node_modules/set-proto
1372 silly ADD node_modules/set-function-name
1373 silly ADD node_modules/set-function-length
1374 silly ADD node_modules/semver
1375 silly ADD node_modules/scheduler
1376 silly ADD node_modules/safe-regex-test
1377 silly ADD node_modules/safe-push-apply
1378 silly ADD node_modules/safe-buffer
1379 silly ADD node_modules/safe-array-concat
1380 silly ADD node_modules/run-parallel
1381 silly ADD node_modules/reusify
1382 silly ADD node_modules/resolve-pkg-maps
1383 silly ADD node_modules/resolve-from
1384 silly ADD node_modules/resolve
1385 silly ADD node_modules/regexp.prototype.flags
1386 silly ADD node_modules/reflect.getprototypeof
1387 silly ADD node_modules/readable-stream
1388 silly ADD node_modules/readable-stream/node_modules/isarray
1389 silly ADD node_modules/react-is
1390 silly ADD node_modules/react-dom
1391 silly ADD node_modules/react
1392 silly ADD node_modules/queue-microtask
1393 silly ADD node_modules/punycode
1394 silly ADD node_modules/prop-types
1395 silly ADD node_modules/process-nextick-args
1396 silly ADD node_modules/prelude-ls
1397 silly ADD node_modules/postcss
1398 silly ADD node_modules/possible-typed-array-names
1399 silly ADD node_modules/picomatch
1400 silly ADD node_modules/picocolors
1401 silly ADD node_modules/pdfjs-dist
1402 silly ADD node_modules/path-parse
1403 silly ADD node_modules/path-key
1404 silly ADD node_modules/path-is-absolute
1405 silly ADD node_modules/path-exists
1406 silly ADD node_modules/parent-module
1407 silly ADD node_modules/pako
1408 silly ADD node_modules/p-locate
1409 silly ADD node_modules/p-limit
1410 silly ADD node_modules/own-keys
1411 silly ADD node_modules/optionator
1412 silly ADD node_modules/option
1413 silly ADD node_modules/object.values
1414 silly ADD node_modules/object.groupby
1415 silly ADD node_modules/object.fromentries
1416 silly ADD node_modules/object.entries
1417 silly ADD node_modules/object.assign
1418 silly ADD node_modules/object-keys
1419 silly ADD node_modules/object-inspect
1420 silly ADD node_modules/object-assign
1421 silly ADD node_modules/node-releases
1422 silly ADD node_modules/node-exports-info
1423 silly ADD node_modules/next
1424 silly ADD node_modules/next/node_modules/postcss
1425 silly ADD node_modules/natural-compare
1426 silly ADD node_modules/napi-postinstall
1427 silly ADD node_modules/nanoid
1428 silly ADD node_modules/ms
1429 silly ADD node_modules/minimist
1430 silly ADD node_modules/minimatch
1431 silly ADD node_modules/micromatch
1432 silly ADD node_modules/merge2
1433 silly ADD node_modules/math-intrinsics
1434 silly ADD node_modules/mammoth
1435 silly ADD node_modules/mammoth/node_modules/argparse
1436 silly ADD node_modules/magic-string
1437 silly ADD node_modules/lucide-react
1438 silly ADD node_modules/lru-cache
1439 silly ADD node_modules/lop
1440 silly ADD node_modules/loose-envify
1441 silly ADD node_modules/lodash.merge
1442 silly ADD node_modules/locate-path
1443 silly ADD node_modules/lightningcss-win32-x64-msvc
1444 silly ADD node_modules/lightningcss
1445 silly ADD node_modules/lie
1446 silly ADD node_modules/levn
1447 silly ADD node_modules/language-tags
1448 silly ADD node_modules/language-subtag-registry
1449 silly ADD node_modules/keyv
1450 silly ADD node_modules/jszip
1451 silly ADD node_modules/jsx-ast-utils
1452 silly ADD node_modules/json5
1453 silly ADD node_modules/json-stable-stringify-without-jsonify
1454 silly ADD node_modules/json-schema-traverse
1455 silly ADD node_modules/json-buffer
1456 silly ADD node_modules/jsesc
1457 silly ADD node_modules/js-yaml
1458 silly ADD node_modules/js-tokens
1459 silly ADD node_modules/jiti
1460 silly ADD node_modules/iterator.prototype
1461 silly ADD node_modules/isexe
1462 silly ADD node_modules/isarray
1463 silly ADD node_modules/is-weakset
1464 silly ADD node_modules/is-weakref
1465 silly ADD node_modules/is-weakmap
1466 silly ADD node_modules/is-typed-array
1467 silly ADD node_modules/is-symbol
1468 silly ADD node_modules/is-string
1469 silly ADD node_modules/is-shared-array-buffer
1470 silly ADD node_modules/is-set
1471 silly ADD node_modules/is-regex
1472 silly ADD node_modules/is-number-object
1473 silly ADD node_modules/is-number
1474 silly ADD node_modules/is-negative-zero
1475 silly ADD node_modules/is-map
1476 silly ADD node_modules/is-glob
1477 silly ADD node_modules/is-generator-function
1478 silly ADD node_modules/is-finalizationregistry
1479 silly ADD node_modules/is-extglob
1480 silly ADD node_modules/is-date-object
1481 silly ADD node_modules/is-data-view
1482 silly ADD node_modules/is-core-module
1483 silly ADD node_modules/is-callable
1484 silly ADD node_modules/is-bun-module
1485 silly ADD node_modules/is-bun-module/node_modules/semver
1486 silly ADD node_modules/is-boolean-object
1487 silly ADD node_modules/is-bigint
1488 silly ADD node_modules/is-async-function
1489 silly ADD node_modules/is-array-buffer
1490 silly ADD node_modules/internal-slot
1491 silly ADD node_modules/inherits
1492 silly ADD node_modules/imurmurhash
1493 silly ADD node_modules/import-fresh
1494 silly ADD node_modules/immediate
1495 silly ADD node_modules/ignore
1496 silly ADD node_modules/hermes-parser
1497 silly ADD node_modules/hermes-estree
1498 silly ADD node_modules/hasown
1499 silly ADD node_modules/has-tostringtag
1500 silly ADD node_modules/has-symbols
1501 silly ADD node_modules/has-proto
1502 silly ADD node_modules/has-property-descriptors
1503 silly ADD node_modules/has-flag
1504 silly ADD node_modules/has-bigints
1505 silly ADD node_modules/graceful-fs
1506 silly ADD node_modules/gopd
1507 silly ADD node_modules/globalthis
1508 silly ADD node_modules/globals
1509 silly ADD node_modules/glob-parent
1510 silly ADD node_modules/get-tsconfig
1511 silly ADD node_modules/get-symbol-description
1512 silly ADD node_modules/get-proto
1513 silly ADD node_modules/get-intrinsic
1514 silly ADD node_modules/gensync
1515 silly ADD node_modules/generator-function
1516 silly ADD node_modules/functions-have-names
1517 silly ADD node_modules/function.prototype.name
1518 silly ADD node_modules/function-bind
1519 silly ADD node_modules/frac
1520 silly ADD node_modules/for-each
1521 silly ADD node_modules/flatted
1522 silly ADD node_modules/flat-cache
1523 silly ADD node_modules/find-up
1524 silly ADD node_modules/fill-range
1525 silly ADD node_modules/file-entry-cache
1526 silly ADD node_modules/fastq
1527 silly ADD node_modules/fast-levenshtein
1528 silly ADD node_modules/fast-json-stable-stringify
1529 silly ADD node_modules/fast-glob
1530 silly ADD node_modules/fast-glob/node_modules/glob-parent
1531 silly ADD node_modules/fast-deep-equal
1532 silly ADD node_modules/esutils
1533 silly ADD node_modules/estraverse
1534 silly ADD node_modules/esrecurse
1535 silly ADD node_modules/esquery
1536 silly ADD node_modules/espree
1537 silly ADD node_modules/eslint-visitor-keys
1538 silly ADD node_modules/eslint-scope
1539 silly ADD node_modules/eslint-plugin-react-hooks
1540 silly ADD node_modules/eslint-plugin-react
1541 silly ADD node_modules/eslint-plugin-jsx-a11y
1542 silly ADD node_modules/eslint-plugin-import
1543 silly ADD node_modules/eslint-plugin-import/node_modules/debug
1544 silly ADD node_modules/eslint-module-utils
1545 silly ADD node_modules/eslint-module-utils/node_modules/debug
1546 silly ADD node_modules/eslint-import-resolver-typescript
1547 silly ADD node_modules/eslint-import-resolver-node
1548 silly ADD node_modules/eslint-import-resolver-node/node_modules/debug
1549 silly ADD node_modules/eslint-config-next
1550 silly ADD node_modules/eslint-config-next/node_modules/globals
1551 silly ADD node_modules/eslint
1552 silly ADD node_modules/escape-string-regexp
1553 silly ADD node_modules/escalade
1554 silly ADD node_modules/esbuild
1555 silly ADD node_modules/es-to-primitive
1556 silly ADD node_modules/es-shim-unscopables
1557 silly ADD node_modules/es-set-tostringtag
1558 silly ADD node_modules/es-object-atoms
1559 silly ADD node_modules/es-iterator-helpers
1560 silly ADD node_modules/es-errors
1561 silly ADD node_modules/es-define-property
1562 silly ADD node_modules/es-abstract
1563 silly ADD node_modules/enhanced-resolve
1564 silly ADD node_modules/emoji-regex
1565 silly ADD node_modules/electron-to-chromium
1566 silly ADD node_modules/dunder-proto
1567 silly ADD node_modules/duck
1568 silly ADD node_modules/drizzle-orm
1569 silly ADD node_modules/drizzle-kit
1570 silly ADD node_modules/dotenv
1571 silly ADD node_modules/doctrine
1572 silly ADD node_modules/dingbat-to-unicode
1573 silly ADD node_modules/detect-libc
1574 silly ADD node_modules/define-properties
1575 silly ADD node_modules/define-data-property
1576 silly ADD node_modules/deep-is
1577 silly ADD node_modules/debug
1578 silly ADD node_modules/data-view-byte-offset
1579 silly ADD node_modules/data-view-byte-length
1580 silly ADD node_modules/data-view-buffer
1581 silly ADD node_modules/damerau-levenshtein
1582 silly ADD node_modules/csstype
1583 silly ADD node_modules/cross-spawn
1584 silly ADD node_modules/crc-32
1585 silly ADD node_modules/core-util-is
1586 silly ADD node_modules/convert-source-map
1587 silly ADD node_modules/concat-map
1588 silly ADD node_modules/color-name
1589 silly ADD node_modules/color-convert
1590 silly ADD node_modules/codepage
1591 silly ADD node_modules/clsx
1592 silly ADD node_modules/client-only
1593 silly ADD node_modules/class-variance-authority
1594 silly ADD node_modules/chalk
1595 silly ADD node_modules/cfb
1596 silly ADD node_modules/caniuse-lite
1597 silly ADD node_modules/callsites
1598 silly ADD node_modules/call-bound
1599 silly ADD node_modules/call-bind-apply-helpers
1600 silly ADD node_modules/call-bind
1601 silly ADD node_modules/buffer-from
1602 silly ADD node_modules/browserslist
1603 silly ADD node_modules/braces
1604 silly ADD node_modules/brace-expansion
1605 silly ADD node_modules/bluebird
1606 silly ADD node_modules/baseline-browser-mapping
1607 silly ADD node_modules/base64-js
1608 silly ADD node_modules/balanced-match
1609 silly ADD node_modules/axobject-query
1610 silly ADD node_modules/axe-core
1611 silly ADD node_modules/available-typed-arrays
1612 silly ADD node_modules/async-function
1613 silly ADD node_modules/ast-types-flow
1614 silly ADD node_modules/arraybuffer.prototype.slice
1615 silly ADD node_modules/array.prototype.tosorted
1616 silly ADD node_modules/array.prototype.flatmap
1617 silly ADD node_modules/array.prototype.flat
1618 silly ADD node_modules/array.prototype.findlastindex
1619 silly ADD node_modules/array.prototype.findlast
1620 silly ADD node_modules/array-includes
1621 silly ADD node_modules/array-buffer-byte-length
1622 silly ADD node_modules/aria-query
1623 silly ADD node_modules/argparse
1624 silly ADD node_modules/ansi-styles
1625 silly ADD node_modules/ajv
1626 silly ADD node_modules/adler-32
1627 silly ADD node_modules/acorn-jsx
1628 silly ADD node_modules/acorn
1629 silly ADD node_modules/@xmldom/xmldom
1630 silly ADD node_modules/@unrs/resolver-binding-win32-x64-msvc
1631 silly ADD node_modules/@typescript-eslint/visitor-keys
1632 silly ADD node_modules/@typescript-eslint/visitor-keys/node_modules/eslint-visitor-keys
1633 silly ADD node_modules/@typescript-eslint/utils
1634 silly ADD node_modules/@typescript-eslint/typescript-estree
1635 silly ADD node_modules/@typescript-eslint/typescript-estree/node_modules/semver
1636 silly ADD node_modules/@typescript-eslint/typescript-estree/node_modules/minimatch
1637 silly ADD node_modules/@typescript-eslint/typescript-estree/node_modules/brace-expansion
1638 silly ADD node_modules/@typescript-eslint/typescript-estree/node_modules/balanced-match
1639 silly ADD node_modules/@typescript-eslint/types
1640 silly ADD node_modules/@typescript-eslint/type-utils
1641 silly ADD node_modules/@typescript-eslint/tsconfig-utils
1642 silly ADD node_modules/@typescript-eslint/scope-manager
1643 silly ADD node_modules/@typescript-eslint/project-service
1644 silly ADD node_modules/@typescript-eslint/parser
1645 silly ADD node_modules/@typescript-eslint/eslint-plugin
1646 silly ADD node_modules/@typescript-eslint/eslint-plugin/node_modules/ignore
1647 silly ADD node_modules/@types/react-dom
1648 silly ADD node_modules/@types/react
1649 silly ADD node_modules/@types/pdfjs-dist
1650 silly ADD node_modules/@types/node
1651 silly ADD node_modules/@types/json5
1652 silly ADD node_modules/@types/json-schema
1653 silly ADD node_modules/@types/estree
1654 silly ADD node_modules/@tybys/wasm-util
1655 silly ADD node_modules/@tanstack/virtual-core
1656 silly ADD node_modules/@tanstack/react-virtual
1657 silly ADD node_modules/@tailwindcss/postcss
1658 silly ADD node_modules/@tailwindcss/oxide-win32-x64-msvc
1659 silly ADD node_modules/@tailwindcss/oxide
1660 silly ADD node_modules/@tailwindcss/node
1661 silly ADD node_modules/@swc/helpers
1662 silly ADD node_modules/@rtsao/scc
1663 silly ADD node_modules/@nolyfill/is-core-module
1664 silly ADD node_modules/@nodelib/fs.walk
1665 silly ADD node_modules/@nodelib/fs.stat
1666 silly ADD node_modules/@nodelib/fs.scandir
1667 silly ADD node_modules/@next/swc-win32-x64-msvc
1668 silly ADD node_modules/@next/eslint-plugin-next
1669 silly ADD node_modules/@next/env
1670 silly ADD node_modules/@neondatabase/serverless
1671 silly ADD node_modules/@napi-rs/wasm-runtime
1672 silly ADD node_modules/@napi-rs/canvas-win32-x64-msvc
1673 silly ADD node_modules/@napi-rs/canvas
1674 silly ADD node_modules/@jridgewell/trace-mapping
1675 silly ADD node_modules/@jridgewell/sourcemap-codec
1676 silly ADD node_modules/@jridgewell/resolve-uri
1677 silly ADD node_modules/@jridgewell/remapping
1678 silly ADD node_modules/@jridgewell/gen-mapping
1679 silly ADD node_modules/@img/sharp-win32-x64
1680 silly ADD node_modules/@img/colour
1681 silly ADD node_modules/@humanwhocodes/retry
1682 silly ADD node_modules/@humanwhocodes/module-importer
1683 silly ADD node_modules/@humanfs/types
1684 silly ADD node_modules/@humanfs/node
1685 silly ADD node_modules/@humanfs/core
1686 silly ADD node_modules/@eslint/plugin-kit
1687 silly ADD node_modules/@eslint/object-schema
1688 silly ADD node_modules/@eslint/js
1689 silly ADD node_modules/@eslint/eslintrc
1690 silly ADD node_modules/@eslint/core
1691 silly ADD node_modules/@eslint/config-helpers
1692 silly ADD node_modules/@eslint/config-array
1693 silly ADD node_modules/@eslint-community/regexpp
1694 silly ADD node_modules/@eslint-community/eslint-utils
1695 silly ADD node_modules/@eslint-community/eslint-utils/node_modules/eslint-visitor-keys
1696 silly ADD node_modules/@esbuild/win32-x64
1697 silly ADD node_modules/@esbuild-kit/esm-loader
1698 silly ADD node_modules/@esbuild-kit/core-utils
1699 silly ADD node_modules/@esbuild-kit/core-utils/node_modules/esbuild
1700 silly ADD node_modules/@esbuild-kit/core-utils/node_modules/@esbuild/win32-x64
1701 silly ADD node_modules/@emnapi/wasi-threads
1702 silly ADD node_modules/@emnapi/runtime
1703 silly ADD node_modules/@emnapi/core
1704 silly ADD node_modules/@drizzle-team/brocli
1705 silly ADD node_modules/@babel/types
1706 silly ADD node_modules/@babel/traverse
1707 silly ADD node_modules/@babel/template
1708 silly ADD node_modules/@babel/parser
1709 silly ADD node_modules/@babel/helpers
1710 silly ADD node_modules/@babel/helper-validator-option
1711 silly ADD node_modules/@babel/helper-validator-identifier
1712 silly ADD node_modules/@babel/helper-string-parser
1713 silly ADD node_modules/@babel/helper-module-transforms
1714 silly ADD node_modules/@babel/helper-module-imports
1715 silly ADD node_modules/@babel/helper-globals
1716 silly ADD node_modules/@babel/helper-compilation-targets
1717 silly ADD node_modules/@babel/generator
1718 silly ADD node_modules/@babel/core
1719 silly ADD node_modules/@babel/compat-data
1720 silly ADD node_modules/@babel/code-frame
1721 silly ADD node_modules/@alloc/quick-lru
1722 verbose cwd D:\eco source\qiancheng0605\qiancheng0605v1
1723 verbose os Windows_NT 10.0.26200
1724 verbose node v24.14.0
1725 verbose npm  v11.9.0
1726 notice
1726 notice New minor version of npm available! 11.9.0 -> 11.16.0
1726 notice Changelog: https://github.com/npm/cli/releases/tag/v11.16.0
1726 notice To update run: npm install -g npm@11.16.0
1726 notice  { force: true, Symbol(proc-log.meta): true }
1727 verbose exit 0
1728 info ok
